title,description,creator,date,date is approximate,subject,coverage,latitude,longitude,digital collection,contributing institution,identifier,rights,rightsstatement,format-orignal,type,format,language,file name,oclc number,date created,date modified,reference url,cdmid,contentdm file name,contentdm file path,objectid
Arbor Notes February 1990,This February publication includes the subject headings: Lemhi Penstemon Story; Mark Your Calendars; Upcoming Workshops; Ill Wind Blows; New Plants in the Arboretum; Executive Committee Report; 1989 Annual Meeting; Arboretum Associates Plan to Grow; Bulletin Board; Shattuck Info Sheet; Gratitude List,"Kochan, Walter; Naskali, Richard; Renfrew, Malcolm; Steele, Bob",1990-02,y,associations; arboretums; Scrophulariaceae (family); workshops (seminars),United States--Idaho--Latah County--Moscow--University of Idaho Arboretum and Botanical Gardens,46.721642,-117.01565,Arbor Notes,University of Idaho Arboretum Associates,FY90-ARB-ArborNotes-February1990,"Educational use includes non-commercial use of text and images in materials for teaching and research purposes. Digital reproduction rights granted and copyright held by the Arboretum Associates. For other uses beyond free use, please contact University of Idaho Library Special Collections and Archives Department at libspec@uidaho.edu.",http://rightsstatements.org/vocab/InC-EDU/1.0/,Newsletter,text,application/pdf,eng,,,2017-09-26,2017-09-26,http://digital.lib.uidaho.edu:80/cdm/ref/collection/arbornotes/id/0,0,1.pdf,/arbornotes/image/1.pdf,arbornotes0
Arboretum Associates Newsletter August 1992,"This August publication includes information about the history of the Arboretum, special projects undertaken in the last year, looking forward into future years, and a report on fiscal matters.","Kochan, Walter; Naskali, Richard; Renfrew, Malcolm; Steele, Bob",1992-08-15,,associations; arboretums; group organizations;,United States--Idaho--Latah County--Moscow--University of Idaho Arboretum and Botanical Gardens,46.721432,-117.015979,Arbor Notes,University of Idaho Arboretum Associates,FY93-ARB-ArbAssocNewsletter-August1992,"Educational use includes non-commercial use of text and images in materials for teaching and research purposes. Digital reproduction rights granted and copyright held by the Arboretum Associates. For other uses beyond free use, please contact University of Idaho Library Special Collections and Archives Department at libspec@uidaho.edu.",http://rightsstatements.org/vocab/InC-EDU/1.0/,Newsletter,text,application/pdf,eng,,,2017-09-26,2017-09-26,http://digital.lib.uidaho.edu:80/cdm/ref/collection/arbornotes/id/1,1,10.pdf,/arbornotes/image/10.pdf,arbornotes1
Arboretum Associates Newsletter February 1993,"This February publication includes information about proposed amendments and changes to the Arboretum Association Constitution and Bylaws, and a message from the arboretum director. It also lists financial contributors to the association between November 1, 1992, and January 31, 1993.","Kochan, Walter; Naskali, Richard",1993-02-20,,associations; arboretums; constitutions; bylaws (administrative records),United States--Idaho--Latah County--Moscow--University of Idaho Arboretum and Botanical Gardens,46.721727,-117.015604,Arbor Notes,University of Idaho Arboretum Associates,FY93-ARB-ArbAssocNewsletter-February1993,"Educational use includes non-commercial use of text and images in materials for teaching and research purposes. Digital reproduction rights granted and copyright held by the Arboretum Associates. For other uses beyond free use, please contact University of Idaho Library Special Collections and Archives Department at libspec@uidaho.edu.",http://rightsstatements.org/vocab/InC-EDU/1.0/,Newsletter,text,application/pdf,eng,,,2017-09-26,2017-09-26,http://digital.lib.uidaho.edu:80/cdm/ref/collection/arbornotes/id/2,2,11.pdf,/arbornotes/image/11.pdf,arbornotes2
Arboretum Associates Newsletter May 1993,"This May publication includes information about the annual meeting from the Arboretum Associate's President, a message from the Arboretum Director, and a list of contributors between the time period of February 1 though April 30, 1993.","LeTourneau, Duane; Naskali, Richard",1993-05+20,,associations; arboretums; officers (administrators),United States--Idaho--Latah County--Moscow--University of Idaho Arboretum and Botanical Gardens,46.724621,-117.014013,Arbor Notes,University of Idaho Arboretum Associates,FY93-ARB-ArbAssocNewsletter-May1993,"Educational use includes non-commercial use of text and images in materials for teaching and research purposes. Digital reproduction rights granted and copyright held by the Arboretum Associates. For other uses beyond free use, please contact University of Idaho Library Special Collections and Archives Department at libspec@uidaho.edu.",http://rightsstatements.org/vocab/InC-EDU/1.0/,Newsletter,text,application/pdf,eng,,,2017-09-26,2017-09-26,http://digital.lib.uidaho.edu:80/cdm/ref/collection/arbornotes/id/3,3,12.pdf,/arbornotes/image/12.pdf,arbornotes3
Arboretum Associates Newsletter November 1992,"This November publication includes information about the Botanical History of the Pacific Northwest, which nurseries have donated special trees to the arboretum, which birds have been spotted in the arboretum ponds, updates on the entry sign projects, and a list of contributors who made donations since the August 15, 1992 Newsletter.","Naskali, Richard",1992-11-10,,associations; arboretums; botanical gardens; signage,United States--Idaho--Latah County--Moscow--University of Idaho Arboretum and Botanical Gardens,46.721094,-117.015909,Arbor Notes,University of Idaho Arboretum Associates,FY93-ARB-ArbAssocNewsletter-November1992,"Educational use includes non-commercial use of text and images in materials for teaching and research purposes. Digital reproduction rights granted and copyright held by the Arboretum Associates. For other uses beyond free use, please contact University of Idaho Library Special Collections and Archives Department at libspec@uidaho.edu.",http://rightsstatements.org/vocab/InC-EDU/1.0/,Newsletter,text,application/pdf,eng,,,2017-09-26,2017-09-26,http://digital.lib.uidaho.edu:80/cdm/ref/collection/arbornotes/id/4,4,13.pdf,/arbornotes/image/13.pdf,arbornotes4
Arboretum Associates Newsletter August 1993,"This August publication includes information about the new executive committee for the Arboretum Associates, the Centennial Endowment Fund, and a message from the Director of the Arboretum about plant growth and fauna and fowl usage of the space.","LeTourneau, Duane; Naskali, Richard",1993-08-15,,associations; arboretums; grants; endowments,United States--Idaho--Latah County--Moscow--University of Idaho Arboretum and Botanical Gardens,46.722551,-117.014863,Arbor Notes,University of Idaho Arboretum Associates,FY94-ARB-ArbAssocNewsletter-August1993,"Educational use includes non-commercial use of text and images in materials for teaching and research purposes. Digital reproduction rights granted and copyright held by the Arboretum Associates. For other uses beyond free use, please contact University of Idaho Library Special Collections and Archives Department at libspec@uidaho.edu.",http://rightsstatements.org/vocab/InC-EDU/1.0/,Newsletter,text,application/pdf,eng,,,2017-09-26,2017-09-26,http://digital.lib.uidaho.edu:80/cdm/ref/collection/arbornotes/id/5,5,14.pdf,/arbornotes/image/14.pdf,arbornotes5
Arboretum Associates Newsletter February 1994,"This February publication includes a message from the Arboretum Associates' President, a message from the Arboretum Director, corrections to previous publications, a list of contributors for the previous fiscal year, and a calendar of events for the upcoming spring months.","LeTourneau, Duane; Naskali, Richard",1994-02-28,,associations; arboretums; planting; horticulture,United States--Idaho--Latah County--Moscow--University of Idaho Arboretum and Botanical Gardens,46.724567,-117.012942,Arbor Notes,University of Idaho Arboretum Associates,FY94-ARB-ArbAssocNewsletter-February1994,"Educational use includes non-commercial use of text and images in materials for teaching and research purposes. Digital reproduction rights granted and copyright held by the Arboretum Associates. For other uses beyond free use, please contact University of Idaho Library Special Collections and Archives Department at libspec@uidaho.edu.",http://rightsstatements.org/vocab/InC-EDU/1.0/,Newsletter,text,application/pdf,eng,,,2017-09-26,2017-09-26,http://digital.lib.uidaho.edu:80/cdm/ref/collection/arbornotes/id/6,6,15.pdf,/arbornotes/image/15.pdf,arbornotes6
Arboretum Associates Newsletter May 1994,"This May publication includes a message from the Arboretum Associates' President, a message from the Arboretum Director, and a list of contributors between the time period February 1 through April 30, 1994, as well as a thank you for continued support of the Arboretum and Botanical Gardens.","LeTourneau, Duane; Naskali, Richard",1994-05-25,,associations; arboretums; botanical gardens; signage; planting,United States--Idaho--Latah County--Moscow--University of Idaho Arboretum and Botanical Gardens,46.722107,-117.014624,Arbor Notes,University of Idaho Arboretum Associates,FY94-ARB-ArbAssocNewsletter-May1994,"Educational use includes non-commercial use of text and images in materials for teaching and research purposes. Digital reproduction rights granted and copyright held by the Arboretum Associates. For other uses beyond free use, please contact University of Idaho Library Special Collections and Archives Department at libspec@uidaho.edu.",http://rightsstatements.org/vocab/InC-EDU/1.0/,Newsletter,text,application/pdf,eng,,,2017-09-26,2017-09-26,http://digital.lib.uidaho.edu:80/cdm/ref/collection/arbornotes/id/7,7,16.pdf,/arbornotes/image/16.pdf,arbornotes7
Arboretum Associates Newsletter November 1993,"This November publication includes information about approved budget proposals, growing plant collections, the approval to publish Arbornotes once annually as an annual report for Arboretum Associates, updates on memorial groves and commemorative trees, and the creation and support of an Arboretum reference library.","LeTourneau, Duane; Naskali, Richard",1993-11-15,,associations; arboretums; botanical gardens,United States--Idaho--Latah County--Moscow--University of Idaho Arboretum and Botanical Gardens,46.722336,-117.015041,Arbor Notes,University of Idaho Arboretum Associates,FY94-ARB-ArbAssocNewsletter-November1993,"Educational use includes non-commercial use of text and images in materials for teaching and research purposes. Digital reproduction rights granted and copyright held by the Arboretum Associates. For other uses beyond free use, please contact University of Idaho Library Special Collections and Archives Department at libspec@uidaho.edu.",http://rightsstatements.org/vocab/InC-EDU/1.0/,Newsletter,text,application/pdf,eng,,,2017-09-26,2017-09-26,http://digital.lib.uidaho.edu:80/cdm/ref/collection/arbornotes/id/8,8,17.pdf,/arbornotes/image/17.pdf,arbornotes8
Arboretum Associates Newsletter August 1994,"This August publication includes information about the creation of a faculty Advisory Board for the Arboretum and Botanical Gardens, a call for volunteers to lead guided tours in the botanical gardens, an update on projects going on in the arboretum, the potential removal of the Fleiger house from the arboretum, plans for irrigation systems, and a list of individuals and families that made contributions during the period April 30 through June 30 of 1994.","LeTourneau, Duane; Naskali, Richard",1994-08-15,,associations; arboretums; newsletters; botanical gardens; irrigation systems; construction,United States--Idaho--Latah County--Moscow--University of Idaho Arboretum and Botanical Gardens,46.722295,-117.014436,Arbor Notes,University of Idaho Arboretum Associates,FY95-ARB-ArbAssocNewsletter-August1994,"Educational use includes non-commercial use of text and images in materials for teaching and research purposes. Digital reproduction rights granted and copyright held by the Arboretum Associates. For other uses beyond free use, please contact University of Idaho Library Special Collections and Archives Department at libspec@uidaho.edu.",http://rightsstatements.org/vocab/InC-EDU/1.0/,Newsletter,text,application/pdf,eng,,,2017-09-26,2017-09-26,http://digital.lib.uidaho.edu:80/cdm/ref/collection/arbornotes/id/9,9,18.pdf,/arbornotes/image/18.pdf,arbornotes9
Arboretum Associates Newsletter December 1994,"This December publication includes messages from both the Arboretum Associates' President and the Arboretum Director, relating the impact of financial and volunteer contributions and the role of the new Advisory Board. It also includes updates about construction projects, the irrigation system, and the removal of the Flieger family house. A reminder is attached at the end that skiing, sleding, tobogganing, and other types of snow play are not allowed in the Arboretum during the winter months.","LeTourneau, Duane; Naskali, Richard",1994-12,y,associations; arboretums; newsletters; botanical gardens; irrigation systems; construction; winter,United States--Idaho--Latah County--Moscow--University of Idaho Arboretum and Botanical Gardens,46.723196,-117.014426,Arbor Notes,University of Idaho Arboretum Associates,FY95-ARB-ArbAssocNewsletter-December1994,"Educational use includes non-commercial use of text and images in materials for teaching and research purposes. Digital reproduction rights granted and copyright held by the Arboretum Associates. For other uses beyond free use, please contact University of Idaho Library Special Collections and Archives Department at libspec@uidaho.edu.",http://rightsstatements.org/vocab/InC-EDU/1.0/,Newsletter,text,application/pdf,eng,,,2017-09-26,2017-09-26,http://digital.lib.uidaho.edu:80/cdm/ref/collection/arbornotes/id/10,10,19.pdf,/arbornotes/image/19.pdf,arbornotes10
Arboretum Associates Newsletter Spring 1980,"This spring publication includes information about the Comprehensive Education Training Act (CETA) grant award, the stabilization of the east Golf Course slope, Alpha Phi Sorority becoming the first Life Associate Member of the Arboretum Associates, the Women's Club silent auction information, Daryl Ann Brown winning the art design contest, the completion of the Shattuck Arboretum and Botanic Garden Master Plan, and membership levels and associated dues.","Naskali, Richard",1980-04-19,,grants; arboretums; associations; group organizations,United States--Idaho--Latah County--Moscow--University of Idaho Arboretum and Botanical Gardens,46.721283,-117.01693,Arbor Notes,University of Idaho Arboretum Associates,FY81-ARB-ArbAssocNewsletter-Spring1980,"Educational use includes non-commercial use of text and images in materials for teaching and research purposes. Digital reproduction rights granted and copyright held by the Arboretum Associates. For other uses beyond free use, please contact University of Idaho Library Special Collections and Archives Department at libspec@uidaho.edu.",http://rightsstatements.org/vocab/InC-EDU/1.0/,Newsletter,text,application/pdf,eng,,,2017-09-26,2017-09-26,http://digital.lib.uidaho.edu:80/cdm/ref/collection/arbornotes/id/11,11,2.pdf,/arbornotes/image/2.pdf,arbornotes11
Arboretum Associates Newsletter March 1995,"This March publication includes the date of the next annual meeting, who the keynote speaker will be, an outgoing message from the Arboretum Associates' President, an update on the removal of the Fleiger house, the role and decisions of the Advisory Board, and philanthropic endeavors within the arboretum. Also included in this newsletter is a list of contributions received during the period December 1, 1994, through February 28, 1995.","LeTourneau, Duane; Naskali, Richard",1995-03-15,,associations; arboretums; barns; newsletters;,United States--Idaho--Latah County--Moscow--University of Idaho Arboretum and Botanical Gardens,46.714429,-117.018685,Arbor Notes,University of Idaho Arboretum Associates,FY95-ARB-ArbAssocNewsletter-March1995,"Educational use includes non-commercial use of text and images in materials for teaching and research purposes. Digital reproduction rights granted and copyright held by the Arboretum Associates. For other uses beyond free use, please contact University of Idaho Library Special Collections and Archives Department at libspec@uidaho.edu.",http://rightsstatements.org/vocab/InC-EDU/1.0/,Newsletter,text,application/pdf,eng,,,2017-09-26,2017-09-26,http://digital.lib.uidaho.edu:80/cdm/ref/collection/arbornotes/id/12,12,20.pdf,/arbornotes/image/20.pdf,arbornotes12
Arboretum Associates Newsletter August 1995,"This August publication includes a message from the Arboretum Director regarding giving and acknowledging work done by students, new officers of the Arboretum Association, and contains the subject headings: Caution bird feeders, chairs for fat birds and steps of concrete, bronze plaques for groves and trees installed, Canada Geese and the Arboretum, Contributions received during the period March 1, 1995, through June 30, 1995.","Hall, Bill; Naskali, Richard; Renfrew, Malcolm; Rhoades, Beverly",1995-08,y,associations; arboretums; officers (administrators); newsletters; endowments; grants; horticulture,United States--Idaho--Latah County--Moscow--University of Idaho Arboretum and Botanical Gardens,46.723028,-117.014756,Arbor Notes,University of Idaho Arboretum Associates,FY96-ARB-ArbAssocNewsletter-August1995,"Educational use includes non-commercial use of text and images in materials for teaching and research purposes. Digital reproduction rights granted and copyright held by the Arboretum Associates. For other uses beyond free use, please contact University of Idaho Library Special Collections and Archives Department at libspec@uidaho.edu.",http://rightsstatements.org/vocab/InC-EDU/1.0/,Newsletter,text,application/pdf,eng,,,2017-09-26,2017-09-26,http://digital.lib.uidaho.edu:80/cdm/ref/collection/arbornotes/id/13,13,21.pdf,/arbornotes/image/21.pdf,arbornotes13
Arbor Notes December 1995,This December publication includes the subject headings: The Tree Peony - An Exquisite Flowering Shrub; Dear Arboretum Patrons; Coming Home to the Arboretum Office; Acknowledgement of Gifts; Arboretum Associates Treasurer's Report,"Johnston, Marlene; Rhoades, Beverly; Steele, Bob",1995-12,y,associations; arboretums; officers (administrators);,United States--Idaho--Latah County--Moscow--University of Idaho Arboretum and Botanical Gardens,46.722037,-117.015236,Arbor Notes,University of Idaho Arboretum Associates,FY96-ARB-ArborNotes-December1995,"Educational use includes non-commercial use of text and images in materials for teaching and research purposes. Digital reproduction rights granted and copyright held by the Arboretum Associates. For other uses beyond free use, please contact University of Idaho Library Special Collections and Archives Department at libspec@uidaho.edu.",http://rightsstatements.org/vocab/InC-EDU/1.0/,Newsletter,text,application/pdf,eng,,,2017-09-26,2017-09-26,http://digital.lib.uidaho.edu:80/cdm/ref/collection/arbornotes/id/14,14,22.pdf,/arbornotes/image/22.pdf,arbornotes14
Arbor Notes April 1996,This April publication includes the subject headings: UI's Campus Elm Trees - a Dutch Elm Disease Update; Pruning Landscape Plants; USDA Plant Hardiness Zone Map; A History of the Flieger Barn on the Southern End of the Arboretum; Arboretum Brochure Wins 1996 AABGA Award; Arboretum Associates; 19th Annual Meeting; Students Start the 1996 Work Season; Tidyman's Moscow Store Presents a Canoe to the Arboretum; UI Arboretum Soils Among the Region's Best; News from the Arboretum Director; Acknowledgement of Gifts,"McDaniel, Paul; Naskali, Richard J.; Rouk, David; Steele, Robert; Tripepi, Robert R.;",1996-04,y,associations; arboretums; pinus (genus); Ulmus (genus); gardening; horticulture; soil,United States--Idaho--Latah County--Moscow--University of Idaho Arboretum and Botanical Gardens,46.724728,-117.012764,Arbor Notes,University of Idaho Arboretum Associates,FY96-ARB-ArborNotes-April1996,"Educational use includes non-commercial use of text and images in materials for teaching and research purposes. Digital reproduction rights granted and copyright held by the Arboretum Associates. For other uses beyond free use, please contact University of Idaho Library Special Collections and Archives Department at libspec@uidaho.edu.",http://rightsstatements.org/vocab/InC-EDU/1.0/,Newsletter,text,application/pdf,eng,,,2017-09-26,2017-09-26,http://digital.lib.uidaho.edu:80/cdm/ref/collection/arbornotes/id/15,15,23.pdf,/arbornotes/image/23.pdf,arbornotes15
Arbor Notes December 1996,This December publication includes the subject headings: Vole Control; Where in the World is the Biggest Tree?; UI Arboreta Advisory Board; Photographing Your Landscape; A Great Christmas Gift Idea; News from the Arboretum Director; Private Support is Citical to the Arboretum's Success; Acknowledgement of Gifts,"Naskali, Richard; Steele, Bob",1996-12,y,associations; arboretums; nature photography; pest control,United States--Idaho--Latah County--Moscow--University of Idaho Arboretum and Botanical Gardens,46.722778,-117.014736,Arbor Notes,University of Idaho Arboretum Associates,FY97-ARB-ArborNotes-December1996,"Educational use includes non-commercial use of text and images in materials for teaching and research purposes. Digital reproduction rights granted and copyright held by the Arboretum Associates. For other uses beyond free use, please contact University of Idaho Library Special Collections and Archives Department at libspec@uidaho.edu.",http://rightsstatements.org/vocab/InC-EDU/1.0/,Newsletter,text,application/pdf,eng,,,2017-09-26,2017-09-26,http://digital.lib.uidaho.edu:80/cdm/ref/collection/arbornotes/id/16,16,24.pdf,/arbornotes/image/24.pdf,arbornotes16
Arbor Notes May 1997,"This May publication includes the subject headings: In the Beginning; Commemorative Benches, Groves, and Trees; Arboretum Associates' Board of Directors - Past and Present","Naskali, Richard",1997-05,y,associations; arboretums; construction; planting; botanical gardens; officers (administrators); newsletters; endowments; grants; horticulture,United States--Idaho--Latah County--Moscow--University of Idaho Arboretum and Botanical Gardens,46.721946,-117.015495,Arbor Notes,University of Idaho Arboretum Associates,FY97-ARB-ArborNotes-May1997,"Educational use includes non-commercial use of text and images in materials for teaching and research purposes. Digital reproduction rights granted and copyright held by the Arboretum Associates. For other uses beyond free use, please contact University of Idaho Library Special Collections and Archives Department at libspec@uidaho.edu.",http://rightsstatements.org/vocab/InC-EDU/1.0/,Newsletter,text,application/pdf,eng,,,2017-09-26,2017-09-26,http://digital.lib.uidaho.edu:80/cdm/ref/collection/arbornotes/id/17,17,25.pdf,/arbornotes/image/25.pdf,arbornotes17
Arbor Notes December 1997,"This December publication includes the subject headings: The Leonard Halland Kiosk; the 1997 Year in Review: News from the Arboretum Director; A Volunteer Program; Scheduling Events in UI's Arboretum; Granite Bench Installation; The Flower of Christmas Eve - Poinsettia; Don't Forget the Arboretum; Mission Statement, University of Idaho Arboreta; Arboretum Annual Contributors","Fehrenbacher, Anna; Naskali, Richard J.; Rhoades, Beverly; Steele, Bob",1997-12,y,associations; arboretums; officers (administrators);,United States--Idaho--Latah County--Moscow--University of Idaho Arboretum and Botanical Gardens,46.722422,-117.014907,Arbor Notes,University of Idaho Arboretum Associates,FY98-ARB-ArborNotes-December1997,"Educational use includes non-commercial use of text and images in materials for teaching and research purposes. Digital reproduction rights granted and copyright held by the Arboretum Associates. For other uses beyond free use, please contact University of Idaho Library Special Collections and Archives Department at libspec@uidaho.edu.",http://rightsstatements.org/vocab/InC-EDU/1.0/,Newsletter,text,application/pdf,eng,,,2017-09-26,2017-09-26,http://digital.lib.uidaho.edu:80/cdm/ref/collection/arbornotes/id/18,18,26.pdf,/arbornotes/image/26.pdf,arbornotes18
Arbor Notes December 1998,"This December publication includes the subject headings: News Notes from the Director; Got the Picture?; Plantings in Need of Sponsors; Get a Jump on Spring, 1999; Charles Houston Shattuck Arboretum; Open Houses; Thank You, Donors to the University of Idaho Arboretum During Fiscal Year 1998!; With Your Support It Will Only Get Better; Annual Meeting; Employee Changes; Viewpoint","Hubbuch, Charles E.; Naskali, Richard; Rhoades, Beverly; Steele, Bob;",1998-12,y,associations; arboretums; black-and-white photography; planting; garden shows; botanical gardens,United States--Idaho--Latah County--Moscow--University of Idaho Arboretum and Botanical Gardens,46.724711,-117.012707,Arbor Notes,University of Idaho Arboretum Associates,FY99-ARB-ArborNotes-December1998,"Educational use includes non-commercial use of text and images in materials for teaching and research purposes. Digital reproduction rights granted and copyright held by the Arboretum Associates. For other uses beyond free use, please contact University of Idaho Library Special Collections and Archives Department at libspec@uidaho.edu.",http://rightsstatements.org/vocab/InC-EDU/1.0/,Newsletter,text,application/pdf,eng,,,2017-09-26,2017-09-26,http://digital.lib.uidaho.edu:80/cdm/ref/collection/arbornotes/id/19,19,27.pdf,/arbornotes/image/27.pdf,arbornotes19
Arboretum Associates Newsletter August 2000,"This August publication includes information about the Annual meeting and guest speaker Mary Pat Matheson, an update from the Arboretum Association President Marlene Johnston with an explanantion as to why there was no Arbornotes in 1999, an introduction to the Board members, past news from 1999 including the annual meeting and iris sale, and an article on the language of irises.","Johnston, Marlene",2000-08,y,associations; arboretums; Iris (genus); officers (administrators),United States--Idaho--Latah County--Moscow--University of Idaho Arboretum and Botanical Gardens,46.722301,-117.014687,Arbor Notes,University of Idaho Arboretum Associates,FY01-ARB-ArbAssocNewsletter-August2000,"Educational use includes non-commercial use of text and images in materials for teaching and research purposes. Digital reproduction rights granted and copyright held by the Arboretum Associates. For other uses beyond free use, please contact University of Idaho Library Special Collections and Archives Department at libspec@uidaho.edu.",http://rightsstatements.org/vocab/InC-EDU/1.0/,Newsletter,text,application/pdf,eng,,,2017-09-26,2017-09-26,http://digital.lib.uidaho.edu:80/cdm/ref/collection/arbornotes/id/20,20,28.pdf,/arbornotes/image/28.pdf,arbornotes20
Arbor Notes December 2003,This December publication includes the subject headings: Unusual Evergreen Tree Donation; Annual Meeting; Retirement Party; 4th Summer Concert--Another Crowd Pleaser!; Report from the Horticulturist; Plant Sale Continues to Grow; Arboretum Associates Donor Roll; A Year at the University of Idaho Arboretum and Botanical Garden; Message from the President; Internal Exhibition of Botanical Art and Illustration; Mark Your Calendar - Upcoming Events; Grace Yenni Iris Garden; Treasurer's Report,"Fisher, Joy; Johnston, Marlene; Naskali, Richard J; Rhoades, Beverly; Roby, Kris; Warnick, Paul;",2003-12,y,associations; arboretums; newsletters; gardening; retirement; musical performances; horticulture; planting; Iris (genus),United States--Idaho--Latah County--Moscow--University of Idaho Arboretum and Botanical Gardens,46.716778,-117.017574,Arbor Notes,University of Idaho Arboretum Associates,FY04-ARB-ArborNotes-December2003,"Educational use includes non-commercial use of text and images in materials for teaching and research purposes. Digital reproduction rights granted and copyright held by the Arboretum Associates. For other uses beyond free use, please contact University of Idaho Library Special Collections and Archives Department at libspec@uidaho.edu.",http://rightsstatements.org/vocab/InC-EDU/1.0/,Newsletter,text,application/pdf,eng,,,2017-09-26,2017-09-26,http://digital.lib.uidaho.edu:80/cdm/ref/collection/arbornotes/id/21,21,29.pdf,/arbornotes/image/29.pdf,arbornotes21
Arboretum Associates Newsletter Spring 1982,"This spring publication includes information about the planting schedule at the new arboretum location, the time and date of the next annual meeting, the receipt of funds from the Idaho Federation of Garden Clubs, the jogging trail project being abandoned, and how trusts and memorial groves are helping to contribute to the continued success of the arboretum.","Naskali, Richard",1982-04-27,,associations; arboretums; gardening; garden clubs,United States--Idaho--Latah County--Moscow--University of Idaho Arboretum and Botanical Gardens,46.722395,-117.015153,Arbor Notes,University of Idaho Arboretum Associates,FY83-ARB-ArbAssocNewsletter-Spring1982,"Educational use includes non-commercial use of text and images in materials for teaching and research purposes. Digital reproduction rights granted and copyright held by the Arboretum Associates. For other uses beyond free use, please contact University of Idaho Library Special Collections and Archives Department at libspec@uidaho.edu.",http://rightsstatements.org/vocab/InC-EDU/1.0/,Newsletter,text,application/pdf,eng,,,2017-09-26,2017-09-26,http://digital.lib.uidaho.edu:80/cdm/ref/collection/arbornotes/id/22,22,3.pdf,/arbornotes/image/3.pdf,arbornotes22
Arbor Notes April 2004 Hartung Issue,"This special April publication includes the subject headings: Dr. Ernest Hartung Dies, Leaves Many Idaho Legacies; Mark Your Calendar - Upcoming Events; Dan Heims, Acclaimed Nurseryman, to Keynote 27th Annual Meeting; Report from the Horticulturist; South End Display Garden Tour; Plant Sale; President's Message; 27th Annual Arboretum Associates Annual Meeting; Three Spectacular Native Orchids in Latah County.","Fisher, Joy; Naskali, Richard; Warnick, Paul",2004-04,y,associations; arboretums; newsletters; gardening; construction; signage; labels (identifying artifacts); Orchidaceae (family); planting,United States--Idaho--Latah County--Moscow--University of Idaho Arboretum and Botanical Gardens,46.714699,-117.017049,Arbor Notes,University of Idaho Arboretum Associates,FY04-ARB-ArborNotes-April2004-HartungIssue,"Educational use includes non-commercial use of text and images in materials for teaching and research purposes. Digital reproduction rights granted and copyright held by the Arboretum Associates. For other uses beyond free use, please contact University of Idaho Library Special Collections and Archives Department at libspec@uidaho.edu.",http://rightsstatements.org/vocab/InC-EDU/1.0/,Newsletter,text,application/pdf,eng,,,2017-09-26,2017-09-26,http://digital.lib.uidaho.edu:80/cdm/ref/collection/arbornotes/id/23,23,30.pdf,/arbornotes/image/30.pdf,arbornotes23
Arbor Notes December 2000,"This December publication includes the subject headings: News from the Arboretum Director; Welcome, Paul Warnick; Chamber Music Brings Crowd to Arboretum; Donors; Notes from the Arboretum Horticulturist: Future Planting Projects; The Charles Houston Shattuck Arboretum; Daniel J. Hinkley Scheduled for Annual Meeting, April 26, 2001; 'Tis the Season...; Dedicated Features in the University of Idaho Arboretum and Botanical Garden","Naskali, Richard; Roby, Kris; Warnick, Paul F.",2000-12,y,associations; arboretums; newletters; planting; gardening; horticulture,United States--Idaho--Latah County--Moscow--University of Idaho Arboretum and Botanical Gardens,46.722664,-117.014198,Arbor Notes,University of Idaho Arboretum Associates,FY01-ARB-ArborNotes-December2000,"Educational use includes non-commercial use of text and images in materials for teaching and research purposes. Digital reproduction rights granted and copyright held by the Arboretum Associates. For other uses beyond free use, please contact University of Idaho Library Special Collections and Archives Department at libspec@uidaho.edu.",http://rightsstatements.org/vocab/InC-EDU/1.0/,Newsletter,text,application/pdf,eng,,,2017-09-26,2017-09-26,http://digital.lib.uidaho.edu:80/cdm/ref/collection/arbornotes/id/24,24,31.pdf,/arbornotes/image/31.pdf,arbornotes24
Arbor Notes December 2004,This December publication includes the subject headings: Student Design Project Focuses on Arboretum; Restroom Project; Plant Sale a Success; Lucky Seed Purchase; 27th Annual Arboretum Meeting; Message from the President; Daylily Garden Update; Arboretum Associates Donor Roll; Report from the Horticulturist; Treasurers Report; Shattuck Arboretum Discovery; Baldridge Memorial Arboretum Fund; A Beautiful Evening for the Fifth Annual Summer Concert.,"Fisher, Joy; Harris, Laura Taylor; Rhoades, Beverly; Roby, Kris; Warnick, Paul",2004-12,y,associations; arboretums; newsletters; construction; architectural drawing (visual works); horticulture; musical performances,United States--Idaho--Latah County--Moscow--University of Idaho Arboretum and Botanical Gardens,46.715184,-117.017163,Arbor Notes,University of Idaho Arboretum Associates,FY05-ARB-ArborNotes-December2004,"Educational use includes non-commercial use of text and images in materials for teaching and research purposes. Digital reproduction rights granted and copyright held by the Arboretum Associates. For other uses beyond free use, please contact University of Idaho Library Special Collections and Archives Department at libspec@uidaho.edu.",http://rightsstatements.org/vocab/InC-EDU/1.0/,Newsletter,text,application/pdf,eng,,,2017-09-26,2017-09-26,http://digital.lib.uidaho.edu:80/cdm/ref/collection/arbornotes/id/25,25,32.pdf,/arbornotes/image/32.pdf,arbornotes25
Arbor Notes May 2005,This May publication includes the subject headings: Art in the Shattuck Arboretum; Master Plan; Barred Owl Graces Arboretum; Report from the Horticulturist; New Access into the Shattuck Arboretum; Annual Meeting; Plant Sale; Campus Tree Research - a Cooperative Effort; Palouse Prairie Native Plants in the Xeriscape Garden; Upcoming Events.,"Lloyd, John; Swift, Charles; Warnick, Paul",2004-05,y,associations; arboretums; newsletters; xeriscapes; gardening; planting; horticulture; Strigiformes (order),United States--Idaho--Latah County--Moscow--University of Idaho Arboretum and Botanical Gardens,46.724532,-117.014508,Arbor Notes,University of Idaho Arboretum Associates,FY05-ARB-ArborNotes-May2005,"Educational use includes non-commercial use of text and images in materials for teaching and research purposes. Digital reproduction rights granted and copyright held by the Arboretum Associates. For other uses beyond free use, please contact University of Idaho Library Special Collections and Archives Department at libspec@uidaho.edu.",http://rightsstatements.org/vocab/InC-EDU/1.0/,Newsletter,text,application/pdf,eng,,,2017-09-26,2017-09-26,http://digital.lib.uidaho.edu:80/cdm/ref/collection/arbornotes/id/26,26,33.pdf,/arbornotes/image/33.pdf,arbornotes26
Arbor Notes February 2006,This February publication includes the subject headings: Shattuck Ledger Article; American Hemerocallis Society Display Garden; Arboretum Plant Sale Continues to Grow; Summer Breezes and Sweet Sounds - Summer Concert Draws Record Crowd; Message from the President; Three Fine Fall Flowers; Arboretum Associates Donor Roll; Arboretum Associates Response to Ballfield Location; Email Newsletter; Report from the Horticulturist; A Short Book Notice - Review: A Great Gift Book.,"Bowler, Bill; Fisher, Joy; Naskali, Richard; Roby, Kris; Warnick, Paul",2006-02,y,associations; arboretums; newsletters; parks (recreation areas); musical performances; perennials; horticulture,United States--Idaho--Latah County--Moscow--University of Idaho Arboretum and Botanical Gardens,46.715322,-117.016925,Arbor Notes,University of Idaho Arboretum Associates,FY06-ARB-ArborNotes-February2006,"Educational use includes non-commercial use of text and images in materials for teaching and research purposes. Digital reproduction rights granted and copyright held by the Arboretum Associates. For other uses beyond free use, please contact University of Idaho Library Special Collections and Archives Department at libspec@uidaho.edu.",http://rightsstatements.org/vocab/InC-EDU/1.0/,Newsletter,text,application/pdf,eng,,,2017-09-26,2017-09-26,http://digital.lib.uidaho.edu:80/cdm/ref/collection/arbornotes/id/27,27,34.pdf,/arbornotes/image/34.pdf,arbornotes27
Arbor Notes May 2006,This May publication includes the subject headings: Realization of a Vision - 15 Years After the Zinser-Mackin Wedding; Integrated Pest Management; Arboretum Associates Funded Projects for 2006; Upcoming Events; Historic Grove Gets New Recognition; Idaho Big Trees in the Shattuck Arboretum; Two Special Honors for Meriwether Lewis and William Clark; Annual Plant Sale Coming Soon; Report from the Horticulturist.,"Bechinski, Ed; Hanson, Donna; Naskali, Richard; Nittolo, Steve; Warnick, Paul",2006-05,y,associations; arboretums; newsletters; weddings (ceremonies); anniversaries; pest control; groves (plant communities); horticulture,United States--Idaho--Latah County--Moscow--University of Idaho Arboretum and Botanical Gardens,46.725464,-117.012401,Arbor Notes,University of Idaho Arboretum Associates,FY06-ARB-ArborNotes-May2006,"Educational use includes non-commercial use of text and images in materials for teaching and research purposes. Digital reproduction rights granted and copyright held by the Arboretum Associates. For other uses beyond free use, please contact University of Idaho Library Special Collections and Archives Department at libspec@uidaho.edu.",http://rightsstatements.org/vocab/InC-EDU/1.0/,Newsletter,text,application/pdf,eng,,,2017-09-26,2017-09-26,http://digital.lib.uidaho.edu:80/cdm/ref/collection/arbornotes/id/28,28,35.pdf,/arbornotes/image/35.pdf,arbornotes28
Arbor Notes March 2007,"This March publication includes the subject headings: Wildlife in the UI Arboretum; Plant sale preparations; Making a gift to support the Arboretum; Arboretum Advisory Board tackles issues; Report from the Horticulturist; Arboretum Associates celebrate 30 year anniversary at Annual Meeting April 19, 2007; Lauren Springer Ogden; Arboretum Associates donor roll; University of Idaho Arboreta bird list; Survival of the Wollemi pine; Invasive plants and animals; Calendar of events.","Gray, Terry; Hanson, Donna; Johnston, Marlene; Naskali, Richard; Warnick, Paul",2007-03,y,associations; arboretums; newsletters; anniversaries; Pinus (genus); flora (plants); fauna; Aves (class); officers (administrators); horticulture; construction,United States--Idaho--Latah County--Moscow--University of Idaho Arboretum and Botanical Gardens,46.721316,-117.015764,Arbor Notes,University of Idaho Arboretum Associates,FY07-ARB-ArborNotes-March2007,"Educational use includes non-commercial use of text and images in materials for teaching and research purposes. Digital reproduction rights granted and copyright held by the Arboretum Associates. For other uses beyond free use, please contact University of Idaho Library Special Collections and Archives Department at libspec@uidaho.edu.",http://rightsstatements.org/vocab/InC-EDU/1.0/,Newsletter,text,application/pdf,eng,,,2017-09-26,2017-09-26,http://digital.lib.uidaho.edu:80/cdm/ref/collection/arbornotes/id/29,29,36.pdf,/arbornotes/image/36.pdf,arbornotes29
Arbor Notes December 2007,This December publication includes the subject headings: Arboretum Ponds I: A Short History of the UI Arboretum Ponds; Her View: Autumn is a Time of Fruits and Berries; Plant Sale; Message from the President; Arboretum Associates Donor Roll; Annual Meeting; Report from the Arboretum Horticulturist; Arboretum Ponds II: Current Challenges; Arboretum Associates Projects; What's Cutting Notches on Leaves of My Garden Shrubs.,"Brown, Judith L.; Fisher, Joy; Leander, Jan; Naskali, Richard J.; Taruscio, Gina; Warnick, Paul",2007-12,y,associations; arboretums; newsletters; gardening; horticulture; ponds (water); autumn; construction; perennials; annuals,United States--Idaho--Latah County--Moscow--University of Idaho Arboretum and Botanical Gardens,46.720805,-117.016288,Arbor Notes,University of Idaho Arboretum Associates,FY08-ARB-ArborNotes-December2007,"Educational use includes non-commercial use of text and images in materials for teaching and research purposes. Digital reproduction rights granted and copyright held by the Arboretum Associates. For other uses beyond free use, please contact University of Idaho Library Special Collections and Archives Department at libspec@uidaho.edu.",http://rightsstatements.org/vocab/InC-EDU/1.0/,Newsletter,text,application/pdf,eng,,,2017-09-26,2017-09-26,http://digital.lib.uidaho.edu:80/cdm/ref/collection/arbornotes/id/30,30,37.pdf,/arbornotes/image/37.pdf,arbornotes30
Arbor Notes December 2008,This December publication includes the subject headings: Treasures in the Arboretum; a New Collection with an Historical Twist; A Traveler's Tribute to the Arboretum; Message from the President; Arboretum Experience Pays Off; Arboretum Associates Annual Meeting; Gardeners Brave Cold Weather to Support Arboretum; Arboretum Associates Donor Roll; New Donor Policy Approved; Report from the Horticulturist; The Last Leaf of Fall Asks the First Snowflake to Dance: Homage to a Granite Bench; Summer Breezes and Sweet Sounds; University of Idaho Provost Approves Restructuring of Arboreta Academic Support.,"Carman, Brittney; Kok, Hans; Leander, Jan; Naskali, Richard J.; Rhoades, Beverly; Roberts, Tara; Warnick, Paul; Yaghi, Adam",2008-12,y,associations; arboretums; anniversaries; musical performances; poetry; Pinus (genus); gardening; planting; horticulture,United States--Idaho--Latah County--Moscow--University of Idaho Arboretum and Botanical Gardens,46.719275,-117.017572,Arbor Notes,University of Idaho Arboretum Associates,FY09-ARB-ArborNotes-December2008,"Educational use includes non-commercial use of text and images in materials for teaching and research purposes. Digital reproduction rights granted and copyright held by the Arboretum Associates. For other uses beyond free use, please contact University of Idaho Library Special Collections and Archives Department at libspec@uidaho.edu.",http://rightsstatements.org/vocab/InC-EDU/1.0/,Newsletter,text,application/pdf,eng,,,2017-09-26,2017-09-26,http://digital.lib.uidaho.edu:80/cdm/ref/collection/arbornotes/id/31,31,38.pdf,/arbornotes/image/38.pdf,arbornotes31
Arbor Notes April 2009,"This April publication includes the subject headings: The Arboretum Barn at 101 Years Old; Annual Meeting Scheduled for April 30th Conifer Expert Don Howse Keynote Speaker; Contemporary Botanical Art at the Prichard Art Gallery, May 29 to July 25, 2009; Arboretum Associates Annual Plant Sale; Madagascan Orchids on Charles Darwin's Birthday; Report from the Horticulturist; David Douglas, the Pacific Northwest, and the Tallest Trees in Great Britain and the USA; Calendar of Events; Asian Pergola Project; Message from the President; Six Wildflowers Vignettes.","Leander, Jan; Naskali, Richard J; Warnick, Paul",2009-04,y,associations; arboretums; anniversaries; Orchidaceae (family); barns; Pinus (genus); pergolas; planting; horticulture,United States--Idaho--Latah County--Moscow--University of Idaho Arboretum and Botanical Gardens,46.714427,-117.017903,Arbor Notes,University of Idaho Arboretum Associates,FY09-ARB-ArborNotes-April2009,"Educational use includes non-commercial use of text and images in materials for teaching and research purposes. Digital reproduction rights granted and copyright held by the Arboretum Associates. For other uses beyond free use, please contact University of Idaho Library Special Collections and Archives Department at libspec@uidaho.edu.",http://rightsstatements.org/vocab/InC-EDU/1.0/,Newsletter,text,application/pdf,eng,,,2017-09-26,2017-09-26,http://digital.lib.uidaho.edu:80/cdm/ref/collection/arbornotes/id/32,32,39.pdf,/arbornotes/image/39.pdf,arbornotes32
Arbor Notes 1985,"This publication includes the subject headings: President's Report; Committee Report; Noteworthy; Everything's Coming Up Perennials; Pine, Fir Seedlings Planted.","Kochan, Walt",1985,y,associations; perennials; pinus (genus); fir (genus),United States--Idaho--Latah County--Moscow--University of Idaho Arboretum and Botanical Gardens,46.724897,-117.01623,Arbor Notes,University of Idaho Arboretum Associates,FY86-ARB-ArborNotes-1985,"Educational use includes non-commercial use of text and images in materials for teaching and research purposes. Digital reproduction rights granted and copyright held by the Arboretum Associates. For other uses beyond free use, please contact University of Idaho Library Special Collections and Archives Department at libspec@uidaho.edu.",http://rightsstatements.org/vocab/InC-EDU/1.0/,Newsletter,text,application/pdf,eng,,,2017-09-26,2017-09-26,http://digital.lib.uidaho.edu:80/cdm/ref/collection/arbornotes/id/33,33,4.pdf,/arbornotes/image/4.pdf,arbornotes33
Arbor Notes December 2009,"This December publication includes the subject headings: Cloning the Shattuck Giant Sequoia; President's Report; Naming the Shattuck Giant Sequoia Clone; Campus Conifer Curiosities; Leaning Trees in the Shattuck Arboretum; Additions to the UI Presidential Grove on the Administration Building Lawn: President F.W DeKlerk Plants a Tree in the UI Presidential Grove; The Arboretum Associates Annual Plant Sale; Arboretum Associates Donor Roll; My Internship; Two Fine 2009 Books for Wintertime Study and 2010 Garden Planning; Lillian Pethtel (1912-2009), First President, UI Arboretum Associates; Report from the Horticulturist; Charles Houston Shattuck's Moscow Arrival 100 Years Ago; Mossy Rose Galls.","Bromley, Keith; Leander, Jan; Moosman, Beth; Naskali, Richard J.; Warnick, Paul",2009-12,y,associations; arboretums; Sequoiadendron giganteum (species); Coniferophyta (division); horticulture; gardening; planting; anniversaries; Rosaceae (family),United States--Idaho--Latah County--Moscow--University of Idaho Arboretum and Botanical Gardens,46.724049,-117.013792,Arbor Notes,University of Idaho Arboretum Associates,FY10-ARB-ArborNotes-December2009,"Educational use includes non-commercial use of text and images in materials for teaching and research purposes. Digital reproduction rights granted and copyright held by the Arboretum Associates. For other uses beyond free use, please contact University of Idaho Library Special Collections and Archives Department at libspec@uidaho.edu.",http://rightsstatements.org/vocab/InC-EDU/1.0/,Newsletter,text,application/pdf,eng,,,2017-09-26,2017-09-26,http://digital.lib.uidaho.edu:80/cdm/ref/collection/arbornotes/id/34,34,40.pdf,/arbornotes/image/40.pdf,arbornotes34
Arbor Notes May 2010,"This May publication includes the subject headings: Dr. Charles Houston Shattuck's Legacy to Idaho and the World; Pergola Project - A Dream Realized; The Shattuck Giant Sequoia Has a Name; Idaho Wildflowers: State Laws and Personal Ethics; An Album of Spring Wildflowers of Northern Idaho: Where and When to Find Them; Report from the Horticulturist; Message from the President; Thirty-third Annual Meeting of the Arboretum Associates; Annual Plant Sale - June 5, 2010.","Burnett, Karen Trujillo; Fisher, Joy; Leander, Jan; Naskali, Richard J.; Warnick, Paul",2010-05,y,associations; arboretums; anniversaries; pergolas; construction; Sequoiadendron giganteum (species); annuals; horticulture; planting; gardening,United States--Idaho--Latah County--Moscow--University of Idaho Arboretum and Botanical Gardens,46.724083,-117.014352,Arbor Notes,University of Idaho Arboretum Associates,FY10-ARB-ArborNotes-May2010,"Educational use includes non-commercial use of text and images in materials for teaching and research purposes. Digital reproduction rights granted and copyright held by the Arboretum Associates. For other uses beyond free use, please contact University of Idaho Library Special Collections and Archives Department at libspec@uidaho.edu.",http://rightsstatements.org/vocab/InC-EDU/1.0/,Newsletter,text,application/pdf,eng,,,2017-09-26,2017-09-26,http://digital.lib.uidaho.edu:80/cdm/ref/collection/arbornotes/id/35,35,41.pdf,/arbornotes/image/41.pdf,arbornotes35
Arbor Notes December 2010,"This December publication includes the subject headings: The North America-China Plant Exploration Consortium (""""NACPEC""""); Some Plants Growing on the Asian Style Pergola; Message from the University of Idaho President, M. Duane Nellis; Arboretum Associates Donor Roll; City of Moscow Wisescape Award; Historic Tree Donation; New Happenings in the Shattuck Arboretum; Report from the Arboretum Associates President; Report from the Horticulturist.","Brewer, Christina R.; Leander, Jan; Naskali, Richard J.; Nellis, M. Duane; Warnick, Paul",2010-12,y,associations; arboretums; pergolas; consortia; horticulture; planting; gardening,United States--Idaho--Latah County--Moscow--University of Idaho Arboretum and Botanical Gardens,46.722202,-117.01586,Arbor Notes,University of Idaho Arboretum Associates,FY11-ARB-ArborNotes-December2010,"Educational use includes non-commercial use of text and images in materials for teaching and research purposes. Digital reproduction rights granted and copyright held by the Arboretum Associates. For other uses beyond free use, please contact University of Idaho Library Special Collections and Archives Department at libspec@uidaho.edu.",http://rightsstatements.org/vocab/InC-EDU/1.0/,Newsletter,text,application/pdf,eng,,,2017-09-26,2017-09-26,http://digital.lib.uidaho.edu:80/cdm/ref/collection/arbornotes/id/36,36,42.pdf,/arbornotes/image/42.pdf,arbornotes36
Arbor Notes April 2001,"This April publication includes the subject headings: Dan Hinkley to Speak April 26, 2001 at Arboretum Associates 24th Annual Meeting; News from the Arboretum Director; The Board of Directors Will be Presenting the Following Changes for Vote at the Annual Meeting April 26, 2001; Xeriscape Demonstration Garden; The Show Seasons at the University of Idaho Arboretum and Botanical Garden; Literary Quotations on Existing Arboretum Benches; Summer Concerts to be Scheduled; Change to Membership Categories; Douglas Fir Tussock Moth Outbreak.","Naskali, Richard; Warnick, Paul",2001-04,y,associations; arboretums; newsletters; xeriscapes; gardening; planting; horticulture; landscaping,United States--Idaho--Latah County--Moscow--University of Idaho Arboretum and Botanical Gardens,46.721203,-117.016324,Arbor Notes,University of Idaho Arboretum Associates,FY01-ARB-ArborNotes-April2001,"Educational use includes non-commercial use of text and images in materials for teaching and research purposes. Digital reproduction rights granted and copyright held by the Arboretum Associates. For other uses beyond free use, please contact University of Idaho Library Special Collections and Archives Department at libspec@uidaho.edu.",http://rightsstatements.org/vocab/InC-EDU/1.0/,Newsletter,text,application/pdf,eng,,,2017-09-26,2017-09-26,http://digital.lib.uidaho.edu:80/cdm/ref/collection/arbornotes/id/37,37,43.pdf,/arbornotes/image/43.pdf,arbornotes37
Arbor Notes December 2011,This December publication includes the subject headings: Students Find Inspiration for Design in Arboretum: For the Love of Hosta's - Beth Bowler Hosta Garden; Message from the President; Students Present Entrance Garden Ideas at Annual Meeting; A New Douglas-Fir Cultivar Developed in Idaho; A Brief History of Pseudotsuga Menziesii 'Torquis'; a Decade of Summer Breezes and Sweet Sounds; Arboretum Associates Donor Roll; By the Numbers: How Many Flowers in One Inflorescence?; Report From the Horticulturist; Plant Sale 2011; Beneficial Pine Beetle Research in the Arboretum.,"Armpriest, Diane; Leander, Jan; Naskali, Richard J.; Peavy, Howard; Ritcher, Jamaica; Warnick, Paul; Wells, Stephen """"Pat"""";",2011-12,y,associations; arboretums; architectural drawings (visual works); construction; perennials; Pseudotsuga menziesii (species); musical performances; planting; gardening; horticulture,United States--Idaho--Latah County--Moscow--University of Idaho Arboretum and Botanical Gardens,46.723016,-117.015161,Arbor Notes,University of Idaho Arboretum Associates,FY12-ARB-ArborNotes-December2011,"Educational use includes non-commercial use of text and images in materials for teaching and research purposes. Digital reproduction rights granted and copyright held by the Arboretum Associates. For other uses beyond free use, please contact University of Idaho Library Special Collections and Archives Department at libspec@uidaho.edu.",http://rightsstatements.org/vocab/InC-EDU/1.0/,Newsletter,text,application/pdf,eng,,,2017-09-26,2017-09-26,http://digital.lib.uidaho.edu:80/cdm/ref/collection/arbornotes/id/38,38,44.pdf,/arbornotes/image/44.pdf,arbornotes38
Arbor Notes May 2012,"This May publication includes the subject headings: What's in a Name?; Arboretum Associates Plant Sale; U-Idaho Arboretum Joins Select Few in Accredited Ranks; Summer Concert - Summer Breezes and Sweet Sounds; The Lush Mixed Mesophytic Forests of Idaho - 14.5 to 15 Years Ago; The University of Idaho Arboretum and Botanical Garden: 30 Years of Planting and 35 Years of the Arboretum Associates; Report from the Horticulturist; Arboretum Associates Annual Meeting; 'Conifers Around the World' by Zsolt Debreczy and  Istvn Rcz Edited by Kathy Musial; Intact Cells, Tissues, Structures Recovered From Anoxic, Waterlogged Miocene Deposits of Clarkia.","Naskali, Richard J.; Rhoades, Beverly; University Communications and Marketing; Warnick, Paul; Whitcomb, Amy",2012-05,y,associations; arboretums; Coniferophyta (division); accreditation; musical performances; Miocene; anniversaries; horticulture; planting; gardening,United States--Idaho--Latah County--Moscow--University of Idaho Arboretum and Botanical Gardens,46.719412,-117.015548,Arbor Notes,University of Idaho Arboretum Associates,FY12-ARB-ArborNotes-May2012,"Educational use includes non-commercial use of text and images in materials for teaching and research purposes. Digital reproduction rights granted and copyright held by the Arboretum Associates. For other uses beyond free use, please contact University of Idaho Library Special Collections and Archives Department at libspec@uidaho.edu.",http://rightsstatements.org/vocab/InC-EDU/1.0/,Newsletter,text,application/pdf,eng,,,2017-09-26,2017-09-26,http://digital.lib.uidaho.edu:80/cdm/ref/collection/arbornotes/id/39,39,45.pdf,/arbornotes/image/45.pdf,arbornotes39
Arbor Notes December 2012,This December publication includes the subject headings: The John and Winifred Dixon Butterfly Garden; New Pines Inoculated With the Morel Fungus; Arboretum Associates Donor Roll; Crocus Versus Colchicum: Two Frequently Misidentified Plant Genera in Two Different Plant Families; Report From the Horticulturist; Naskali's Garden Nominated for 2012 Moscow Wisescape Award.,"Baker, Nichole; Fisher, Joy; Naskali; Richard J.; Newcombe, George; Pierce, David; Ridout, Mary; Warnick, Paul",2012-12,y,associations; arboretums; &lt;gardens by function&gt;; Fungi (kingdom); perennials; Iridaceae (family); horticulture; planting; xeriscapes,United States--Idaho--Latah County--Moscow--University of Idaho Arboretum and Botanical Gardens,46.715173,-117.017043,Arbor Notes,University of Idaho Arboretum Associates,FY13-ARB-ArborNotes-December2012,"Educational use includes non-commercial use of text and images in materials for teaching and research purposes. Digital reproduction rights granted and copyright held by the Arboretum Associates. For other uses beyond free use, please contact University of Idaho Library Special Collections and Archives Department at libspec@uidaho.edu.",http://rightsstatements.org/vocab/InC-EDU/1.0/,Newsletter,text,application/pdf,eng,,,2017-09-26,2017-09-26,http://digital.lib.uidaho.edu:80/cdm/ref/collection/arbornotes/id/40,40,46.pdf,/arbornotes/image/46.pdf,arbornotes40
Arbor Notes May 2013 WWI Memorial Restoration,This special May publication includes the subject headings: World War I Memorial Grove; Arboretum Associates Plant Sale; New Vandal Daylily; Students in the Arboretum; Team building; Ray Boyd Memorial Quaking Aspen Grove; Annual meeting; Calendar of Upcoming Events.,"Glaeser, Kristin; Goetz, Tami; Thompson, Jeremy; Warnick, Paul",2013-05,y,associations; arboretums; brasses (memorials); Hemerocallis; Populus tremuloides (species); horticulture; planting,United States--Idaho--Latah County--Moscow--University of Idaho Arboretum and Botanical Gardens,46.725165,-117.012453,Arbor Notes,University of Idaho Arboretum Associates,FY13-ARB-ArborNotes-May2013-WWI Mem Restoration Art,"Educational use includes non-commercial use of text and images in materials for teaching and research purposes. Digital reproduction rights granted and copyright held by the Arboretum Associates. For other uses beyond free use, please contact University of Idaho Library Special Collections and Archives Department at libspec@uidaho.edu.",http://rightsstatements.org/vocab/InC-EDU/1.0/,Newsletter,text,application/pdf,eng,,,2017-09-26,2017-09-26,http://digital.lib.uidaho.edu:80/cdm/ref/collection/arbornotes/id/41,41,47.pdf,/arbornotes/image/47.pdf,arbornotes41
Arbor Notes December 2013,This December publication includes the subject headings: Wisescaping 101 (With a Little Help From the Arboretum); 2014 Arboretum Associates Speaker Program Series; Report from the Horticulturist; Arboretum Associates Donor Roll; University of Idaho Arboretum and Botanical Garden is a Bird Watchers Hotspot; Calendar of Upcoming Events; The Arboretum Serves as an Outdoor Classroom for Forest and Plant Pathology Students; Malcolm and Carol Renfrew Arboretum Shelter.,"Gray, Terry; Leander, Jan; Newcombe, George, Dr.; Regan, Maureen Taylor; Warnick, Paul",2013-12,y,associations; arboretums; xeriscapes; horticulture; brasses (memorials); pathology; educational parks,United States--Idaho--Latah County--Moscow--University of Idaho Arboretum and Botanical Gardens,46.715043,-117.016946,Arbor Notes,University of Idaho Arboretum Associates,FY14-ARB-ArborNotes-December2013,"Educational use includes non-commercial use of text and images in materials for teaching and research purposes. Digital reproduction rights granted and copyright held by the Arboretum Associates. For other uses beyond free use, please contact University of Idaho Library Special Collections and Archives Department at libspec@uidaho.edu.",http://rightsstatements.org/vocab/InC-EDU/1.0/,Newsletter,text,application/pdf,eng,,,2017-09-26,2017-09-26,http://digital.lib.uidaho.edu:80/cdm/ref/collection/arbornotes/id/42,42,48.pdf,/arbornotes/image/48.pdf,arbornotes42
Arbor Notes July 2014,"This July publication includes the subject headings: Dean Vettrus Reflects on Arboretum Beginnings; Science Saturdays in the Arboretum; Two New Arboretum Pond Invaders; Report from the Horticulturist; Arboretum Associates Annual Meeting; Contractile Roots: How Your Crocuses, Irises, and Some Other Garden Plants Remain Buried at a Constant Depth; 2014 Arboretum Associates Plant Sale; Elaiosomes and Ants in Your Garden Plants; Message from the President; Harley Wright Memorial Planting; New Peony Garden to Honor Joy Passanante.","Leander, Jan; Naskali, Richard J.; O'Laughlin, Jennifer; Roberts, Tara; Ross-Davis, Amy; Warnick, Paul",2014-07,y,associations; arboretums; construction; ponds (bodies of water); A. filiculoides Azolla (species); Wolffia  Azolla (species); horticulture; Iridaceae (family); Perovskia atriplicifolia (species); Paeonia (genus),United States--Idaho--Latah County--Moscow--University of Idaho Arboretum and Botanical Gardens,46.719554,-117.016623,Arbor Notes,University of Idaho Arboretum Associates,FY15-ARB-ArborNotes-July2014,"Educational use includes non-commercial use of text and images in materials for teaching and research purposes. Digital reproduction rights granted and copyright held by the Arboretum Associates. For other uses beyond free use, please contact University of Idaho Library Special Collections and Archives Department at libspec@uidaho.edu.",http://rightsstatements.org/vocab/InC-EDU/1.0/,Newsletter,text,application/pdf,eng,,,2017-09-26,2017-09-26,http://digital.lib.uidaho.edu:80/cdm/ref/collection/arbornotes/id/43,43,49.pdf,/arbornotes/image/49.pdf,arbornotes43
Arboretum Associates Newsletter Fall 1982,"This fall publication includes information regarding projects the Arboretum Associates are currently working on, the groups involved in creating the spaces, upcoming workshops and learning experiences, and how to become an associate.","Naskali, Richard",1982,y,associations; arboretums; gardening,United States--Idaho--Latah County--Moscow--University of Idaho Arboretum and Botanical Gardens,46.719554,-117.014921,Arbor Notes,University of Idaho Arboretum Associates,FY83-ARB-LCFairAANewsletter-Fall1982,"Educational use includes non-commercial use of text and images in materials for teaching and research purposes. Digital reproduction rights granted and copyright held by the Arboretum Associates. For other uses beyond free use, please contact University of Idaho Library Special Collections and Archives Department at libspec@uidaho.edu.",http://rightsstatements.org/vocab/InC-EDU/1.0/,Newsletter,text,application/pdf,eng,,,2017-09-26,2017-09-26,http://digital.lib.uidaho.edu:80/cdm/ref/collection/arbornotes/id/44,44,5.pdf,/arbornotes/image/5.pdf,arbornotes44
Arbor Notes January 2015,This January publication includes the subject headings: Looking to the Future; Science Saturdays in the Arboretum; Eugene Thompson - Early Day Arboretum Volunteer; Arboretum Associates Donor Roll; Report from the Horticulturist; 14th Year of 'Summer Breezes and Sweet Sounds' in the Arboretum; UIRA 2nd Annual Fall Arboretum Tour; The Arboretum Project: a Reprint From 1978 Foundation Annual Report; Message From the President; Calendar of Upcoming Events.,"Fisher, Joy; Leander, Jan; Regan, Maureen Taylor; Ross-Davis, Amy; Warnick, Paul; Wilson, Carol Yenni",2015-01,y,associations; arboretums; Perovskia atriplicifolia (species); Paeonia (genus); Hydrangea quercifolia (species); planting; musical performances; construction,United States--Idaho--Latah County--Moscow--University of Idaho Arboretum and Botanical Gardens,46.720862,-117.015491,Arbor Notes,University of Idaho Arboretum Associates,FY15-ARB-ArborNotes-January2015,"Educational use includes non-commercial use of text and images in materials for teaching and research purposes. Digital reproduction rights granted and copyright held by the Arboretum Associates. For other uses beyond free use, please contact University of Idaho Library Special Collections and Archives Department at libspec@uidaho.edu.",http://rightsstatements.org/vocab/InC-EDU/1.0/,Newsletter,text,application/pdf,eng,,,2017-09-26,2017-09-26,http://digital.lib.uidaho.edu:80/cdm/ref/collection/arbornotes/id/45,45,50.pdf,/arbornotes/image/50.pdf,arbornotes45
Arbor Notes December 2015,This December publication includes the subject headings: Lilacs in the UI Arboretum; Idaho Trees Going to Harvard University; 2015 News/Updates from the Arboretum Associates Advisory Board; Arboretum Associates Donor Roll; Report from the Horticulturist; 15th 'Summer Breezes and Sweet Sounds' Concert in the Arboretum; 2015 Arboretum Associates Plant Sale; Science Saturdays in the Arboretum; Seasonal Scavenger Hunts Coming to the UI Arboretum and Botanical Garden; Mountain Pine Beetle in the Shattuck Arboretum; Calendar of Upcoming Events.,"Cook, Stephen P.; Leander, Jan; Regan, Maureen Taylor; Roberts, Tara; Ross-Davis, Amy; Warnick, Paul",2015-12,y,associations; arboretums; Syringa vulgaris (species); garden clubs; collecting; planting; botanical gardens; Larix lyallii (species); Pinus (genus); Pinaceae (family); signage; planting; irrigation; musical performances; Dendroctonus ponderosae (species),United States--Idaho--Latah County--Moscow--University of Idaho Arboretum and Botanical Gardens,46.722157,-117.015091,Arbor Notes,University of Idaho Arboretum Associates,FY16-ARB-Arbor Notes-December2015,"Educational use includes non-commercial use of text and images in materials for teaching and research purposes. Digital reproduction rights granted and copyright held by the Arboretum Associates. For other uses beyond free use, please contact University of Idaho Library Special Collections and Archives Department at libspec@uidaho.edu.",http://rightsstatements.org/vocab/InC-EDU/1.0/,Newsletter,text,application/pdf,eng,,,2017-09-26,2017-09-26,http://digital.lib.uidaho.edu:80/cdm/ref/collection/arbornotes/id/46,46,51.pdf,/arbornotes/image/51.pdf,arbornotes46
Arbor Notes December 2001,This December publication includes the subject headings: Birds of the UI Arboreta; News from the Arboretum Director; Report from the Horticulturist; the 24th Annual Meeting of the Arboretum Associates; Holiday Shopping Ideas; Tony Event Scheduled; Donors; Arboretum Concert Pleases Crowd; Get a Preview of Spring 2002 at the Northwest Flower and Garden Show; Birding Season to Season Around the Arboreta; Bird Species Llists for the UI Arboreta; Jason Paul Kelley Grove of 'Camperdownii' Elms Planted; A Hosta/Garden/House/Art Tour and Workshop at the Home and Garden of Jaki Wright and Bill Bowler in Moscow.,"Fisher, Joy; Naskali, Richard; Rhoades, Beverly; Swift, Charles; Warnick, Paul",2001-12,y,associations; arboretums; newsletters; gardening; garden shows; planting; horticulture; Aves (class); construction; Ulmus (genus),United States--Idaho--Latah County--Moscow--University of Idaho Arboretum and Botanical Gardens,46.721568,-117.015663,Arbor Notes,University of Idaho Arboretum Associates,FY02-ARB-ArborNotes-December2001,"Educational use includes non-commercial use of text and images in materials for teaching and research purposes. Digital reproduction rights granted and copyright held by the Arboretum Associates. For other uses beyond free use, please contact University of Idaho Library Special Collections and Archives Department at libspec@uidaho.edu.",http://rightsstatements.org/vocab/InC-EDU/1.0/,Newsletter,text,application/pdf,eng,,,2017-09-26,2017-09-26,http://digital.lib.uidaho.edu:80/cdm/ref/collection/arbornotes/id/47,47,52.pdf,/arbornotes/image/52.pdf,arbornotes47
Arbor Notes November 2002,This November publication includes the subject headings and corrections in pen: Lasting UI Legacies: Plant Treasures of the University Campus; News From the Arboretum Director; Arboretum Associates Purchases; Xeriscape Demonstration Garden; Plant Sale a Growing Success; Summer Concert Draws Appreciative Crowd; Other Arboretum News; Mark Your Calendars: Some Botanical Events; Some Animal Resistant Garden Flowers; Donor Roll; Message from the President;,"Fisher, Joy; Johnston, Marlene; Naskali, Richard; Rhoades, Beverly; Roby, Kris; Warnick, Paul",2002-11,y,associations; arboretums; newsletters; gardening; planting; xeriscapes; construction equipment; officers (administrators); musical performances,United States--Idaho--Latah County--Moscow--University of Idaho Arboretum and Botanical Gardens,46.714911,-117.017067,Arbor Notes,University of Idaho Arboretum Associates,FY03-ARB-ArborNotes-November2002,"Educational use includes non-commercial use of text and images in materials for teaching and research purposes. Digital reproduction rights granted and copyright held by the Arboretum Associates. For other uses beyond free use, please contact University of Idaho Library Special Collections and Archives Department at libspec@uidaho.edu.",http://rightsstatements.org/vocab/InC-EDU/1.0/,Newsletter,text,application/pdf,eng,,,2017-09-26,2017-09-26,http://digital.lib.uidaho.edu:80/cdm/ref/collection/arbornotes/id/48,48,53.pdf,/arbornotes/image/53.pdf,arbornotes48
Arbor Notes December 2002,This December publication includes the subject headings: Lasting UI Legacies: Plant Treasures of the University Campus; News from the Arboretum Director; Arboretum Associates Purchases; Xeriscape Demonstration Garden; Plant Sale a Growing Success; Summer Concert Draws Appreciative Crowd; Other Arboretum News; Mark Your Calendars: Some Botanical Events; Some Animal Resistant Garden Flowers; Donor Roll; Message from the President.,,2002-12,y,associations; arboretums; newsletters; gardening; planting; xeriscapes; construction equipment; officers (administrators); musical performances,United States--Idaho--Latah County--Moscow--University of Idaho Arboretum and Botanical Gardens,46.714992,-117.017003,Arbor Notes,University of Idaho Arboretum Associates,FY03-ARB-ArborNotes-December2002,"Educational use includes non-commercial use of text and images in materials for teaching and research purposes. Digital reproduction rights granted and copyright held by the Arboretum Associates. For other uses beyond free use, please contact University of Idaho Library Special Collections and Archives Department at libspec@uidaho.edu.",http://rightsstatements.org/vocab/InC-EDU/1.0/,Newsletter,text,application/pdf,eng,,,2017-09-26,2017-09-26,http://digital.lib.uidaho.edu:80/cdm/ref/collection/arbornotes/id/49,49,54.pdf,/arbornotes/image/54.pdf,arbornotes49
Arbor Notes April 2003,This April publication includes the subject headings: Richard Naskali - Arboretum Director Retires; Presidential Medallion; Retirement Celebration; Report from the Horticulturist; George Dwelle - Daylily Demonstration Garden; Xeriscape Plant Profile - Artemisia; Annual Meeting - April 17th 7:30; Arboretum Associates Plant Sale 2003; Arboretum Events: Mark Your Calendars for These Events; Lasting UI Legacies: Plant Treasures of the University Campus.,"Johnston, Marlene; LeTourneau, Duane; Naskali, Richard; Taruscio, Gina; Warnick, Paul",2003-04,y,associations; arboretums; newsletters; gardening; planting; xeriscapes; retirement; officers (administrators);,United States--Idaho--Latah County--Moscow--University of Idaho Arboretum and Botanical Gardens,46.715213,-117.017199,Arbor Notes,University of Idaho Arboretum Associates,FY03-ARB-ArborNotes-April2003,"Educational use includes non-commercial use of text and images in materials for teaching and research purposes. Digital reproduction rights granted and copyright held by the Arboretum Associates. For other uses beyond free use, please contact University of Idaho Library Special Collections and Archives Department at libspec@uidaho.edu.",http://rightsstatements.org/vocab/InC-EDU/1.0/,Newsletter,text,application/pdf,eng,,,2017-09-26,2017-09-26,http://digital.lib.uidaho.edu:80/cdm/ref/collection/arbornotes/id/50,50,55.pdf,/arbornotes/image/55.pdf,arbornotes50
Arbor Notes Spring 1987,This spring publication includes the subject headings: President's Report; Committee Report; Field Project; Annual Meeting; Two New Ponds; Land Cultivated; Notes from the Underground; Plantings,"Vettrus, Dean; Kochan, Walter J.;Johnston, Marlene; Naskali, Richard",1987,y,associations; arboretums; perennials; ponds (water),United States--Idaho--Latah County--Moscow--University of Idaho Arboretum and Botanical Gardens,46.720899,-117.016077,Arbor Notes,University of Idaho Arboretum Associates,FY87-ARB-ArborNotes-Spring1987,"Educational use includes non-commercial use of text and images in materials for teaching and research purposes. Digital reproduction rights granted and copyright held by the Arboretum Associates. For other uses beyond free use, please contact University of Idaho Library Special Collections and Archives Department at libspec@uidaho.edu.",http://rightsstatements.org/vocab/InC-EDU/1.0/,Newsletter,text,application/pdf,eng,,,2017-09-26,2017-09-26,http://digital.lib.uidaho.edu:80/cdm/ref/collection/arbornotes/id/51,51,6.pdf,/arbornotes/image/6.pdf,arbornotes51
Arbor Notes Summer 1988,This summer publication includes the subject headings: Arboretum Coordinator Named; Arboretum Associates Celebrate 10th Anniversary; President's Report; Grove Report; Arboretum Barn; Arboretum Tractor; Arboretum Notes; Shattuck Arboretum Cleanup; and New Hybrid Iris,"Naskali, Richard; Vettrus, Dean",1988,y,associations; arboretums; group organizations; tractors (agricultural equipment); barns; iris(genus),United States--Idaho--Latah County--Moscow--University of Idaho Arboretum and Botanical Gardens,46.714602,-117.017818,Arbor Notes,University of Idaho Arboretum Associates,FY88-ARB-ArborNotes-Summer1988,"Educational use includes non-commercial use of text and images in materials for teaching and research purposes. Digital reproduction rights granted and copyright held by the Arboretum Associates. For other uses beyond free use, please contact University of Idaho Library Special Collections and Archives Department at libspec@uidaho.edu.",http://rightsstatements.org/vocab/InC-EDU/1.0/,Newsletter,text,application/pdf,eng,,,2017-09-26,2017-09-26,http://digital.lib.uidaho.edu:80/cdm/ref/collection/arbornotes/id/52,52,7.pdf,/arbornotes/image/7.pdf,arbornotes52
Arbor Notes April 1990,"This April publication includes the subject headings: Idaho's Wych from Camperdown House, Scotland; The 1990 Annual Meeting; Hybrid Tuberous Begonia Culture; Workshop Reminders; Waterfowl Alert; News from the Arboretum Director; Amendments and Changes to the Arboretum Associates Constitution and Bylaws.","Johnson, Maureen; Luther, Mary; Naskali, Richard",1990-04,y,associations; arboretums; horticulture; tubers (plant material),United States--Idaho--Latah County--Moscow--University of Idaho Arboretum and Botanical Gardens,46.724998,-117.010191,Arbor Notes,University of Idaho Arboretum Associates,FY90-ARB-ArborNotes-April1990,"Educational use includes non-commercial use of text and images in materials for teaching and research purposes. Digital reproduction rights granted and copyright held by the Arboretum Associates. For other uses beyond free use, please contact University of Idaho Library Special Collections and Archives Department at libspec@uidaho.edu.",http://rightsstatements.org/vocab/InC-EDU/1.0/,Newsletter,text,application/pdf,eng,,,2017-09-26,2017-09-26,http://digital.lib.uidaho.edu:80/cdm/ref/collection/arbornotes/id/53,53,8.pdf,/arbornotes/image/8.pdf,arbornotes53
Arboretum Associates Newsletter Spring 1981,"This spring publication includes information about the featured speaker Dr. Dixie Ehrenreich, updates on the pond design completion, a re-cap of the 1980 Gardens and Arboretum work after the eruption of Mt. St. Helens, the newly designed brochure for AA, upcoming public programs, outlines being established for developing memorial groves, and the new Board of Directors for the Arboretum Associates.","Naskali, Richard",1981-04-28,,associations; arboretums; gardening;,United States--Idaho--Latah County--Moscow--University of Idaho Arboretum and Botanical Gardens,46.721133,-117.016073,Arbor Notes,University of Idaho Arboretum Associates,FY83-ARB-ArbAssocNewsletter-Spring1982,"Educational use includes non-commercial use of text and images in materials for teaching and research purposes. Digital reproduction rights granted and copyright held by the Arboretum Associates. For other uses beyond free use, please contact University of Idaho Library Special Collections and Archives Department at libspec@uidaho.edu.",http://rightsstatements.org/vocab/InC-EDU/1.0/,Newsletter,text,application/pdf,eng,,,2017-09-26,2017-09-26,http://digital.lib.uidaho.edu:80/cdm/ref/collection/arbornotes/id/54,54,9.pdf,/arbornotes/image/9.pdf,arbornotes54
Arbor Notes March 2017,This March publication includes the subject headings: Strengthening Connections: Linking the University of Idaho Arboreta to the UI Campus; Arboretum Associates to Celebrate 40th Anniversary with Art Show on April 12th; Science Saturdays a Big Success in Year Three; Message from the President; Science Saturdays Call for Proposals; Arboretum Provides Habitat for Native Bees; 'Summer Breezes and Sweet Sounds' Concert Delights Crowd; Calling All Artists;   Arboretum Associates Donor Roll; Report from the Horticulturist; Arboretum Associates Annual Plant Sale 2017; Saving a Tree; Walter Buechler.,"Boyd, Will; Casey, Allen; Johnson, Brian; Leander, Jan; Roby, Kris; Warnick, Paul",2017-03,y,associations; arboretums; planting; musical performances;  horticulture; education; pest control,United States--Idaho--Latah County--Moscow--University of Idaho Arboretum and Botanical Gardens,46.715385,-117.016904,Arbor Notes,University of Idaho Arboretum Associates,Arbornotes_2017-MARCH,"Educational use includes non-commercial use of text and images in materials for teaching and research purposes. Digital reproduction rights granted and copyright held by the Arboretum Associates. For other uses beyond free use, please contact University of Idaho Library Special Collections and Archives Department at libspec@uidaho.edu.",http://rightsstatements.org/vocab/InC-EDU/1.0/,Newsletter,text,application/pdf,eng,Arbornotes_2017-MARCH.pdf,,2018-01-05,2018-01-05,http://digital.lib.uidaho.edu:80/cdm/ref/collection/arbornotes/id/55,55,56.pdf,/arbornotes/image/56.pdf,arbornotes55
Arbor Notes December 2017,This December publication includes the subject headings: The Arboretum: All Seasons for All Reasons; Arboretum Associates Celebrate 40th Anniversary with Community Art Show; Calendar of Upcoming Events; Team Nemo - College of Engineering Student Project; Identifying the Big Willows in the Arboretum; Record Crowd Delights In Summer Concert; Arboretum Associates Donor Roll; Report from the Horticulturist; Science Saturdays 2017; Message from the President; Arboretum Associates Annual Plant Sale.,"Anders, Paul; Boyd, Will; Leander, Jan; Pratt, Autumn; Roby, Kris; Warnick, Paul",2017-12,y,associations; arboretums; newsletters; anniversaries; flora (plants); fauna; horticulture; education; Salix nigra (species),United States--Idaho--Latah County--Moscow--University of Idaho Arboretum and Botanical Gardens,46.718601,-117.01662,Arbor Notes,University of Idaho Arboretum Associates,Arbornotes_2017-December_vs5,"Educational use includes non-commercial use of text and images in materials for teaching and research purposes. Digital reproduction rights granted and copyright held by the Arboretum Associates. For other uses beyond free use, please contact University of Idaho Library Special Collections and Archives Department at libspec@uidaho.edu.",http://rightsstatements.org/vocab/InC-EDU/1.0/,Newsletter,text,application/pdf,eng,Arbornotes_2017-December_vs5.pdf,,2018-01-05,2018-01-05,http://digital.lib.uidaho.edu:80/cdm/ref/collection/arbornotes/id/56,56,57.pdf,/arbornotes/image/57.pdf,arbornotes56
Arbor Notes March 2019,"This March publication includes the subject headings: ART in the ARboreTum; Message from the President; Arboretum Associates Annual Plant Sale; Calendar of Upcoming Events; 18th Summer Breezes and Sweet Sounds Concert; Arboretum Associates Annual Meeting; From Moscow with Love: A Journey from Moscow, Russia to Moscow, ID to Donate a Tree; Instructor for Science Saturdays lesson receives award for Entomological Society of America; Arboretum Associates Donor Roll; R.J. Naskali Leaves a Living Legacy; Report from the Horticulturist; Science Saturdays 2018 Recap.","Anders, Paul; Casey, Kayla; Leander, Jan; Roby, Kris; Sprague, Nancy; Warnick, Paul",2019-03,y,associations; arboretums; newsletters; flora (plants); fauna; horticulture; education;,United States--Idaho--Latah County--Moscow--University of Idaho Arboretum and Botanical Gardens,46.718601,-117.01662,Arbor Notes,University of Idaho Arboretum Associates,2019-03-arbornotes-newsletter,"Educational use includes non-commercial use of text and images in materials for teaching and research purposes. Digital reproduction rights granted and copyright held by the Arboretum Associates. For other uses beyond free use, please contact University of Idaho Library Special Collections and Archives Department at libspec@uidaho.edu.",http://rightsstatements.org/vocab/InC-EDU/1.0/,Newsletter,text,application/pdf,eng,2019-03-arbornotes-newsletter.pdf,,2021-01-19,2021-01-19,http://cdm17254.contentdm.oclc.org/cdm/ref/collection/arbornotes/id/57,57,58.pdf,/arbornotes/image/58.pdf,arbornotes57
Arbor Notes April 2020,This April publication includes the subject headings: Walk with Jane Austen; Message from the President; Calendar of Upcoming Events; Arboretum Associates Annual Plant Sale; 19th Annual Summer Concert; Dr. Richard J. Naskali Asian Section; Arboretum Associates Donor Roll; Report from the Horticulturist; Something New on the Red Barn; Paul Anders will be Missed; Science Saturdays 2019; City of Moscow Plein Air Demonstration; Water Wise Inspiration and Design,"Casey, P. Allen; Clancy, Katherine; Larrow, Michele; Leander, Jan; Roby, Kris; Warnick, Paul",2020-04,,associations; arboretums; newsletters; flora (plants); fauna; horticulture; education;,United States--Idaho--Latah County--Moscow--University of Idaho Arboretum and Botanical Gardens,46.718601,-117.01662,Arbor Notes,University of Idaho Arboretum Associates,arbornotes_april_2020,"Educational use includes non-commercial use of text and images in materials for teaching and research purposes. Digital reproduction rights granted and copyright held by the Arboretum Associates. For other uses beyond free use, please contact University of Idaho Library Special Collections and Archives Department at libspec@uidaho.edu.",http://rightsstatements.org/vocab/InC-EDU/1.0/,Newsletter,text,application/pdf,eng,arbornotes_april_2020.pdf,,2021-01-21,2021-01-21,http://cdm17254.contentdm.oclc.org/cdm/ref/collection/arbornotes/id/58,58,59.pdf,/arbornotes/image/59.pdf,arbornotes58
Arbor Notes February 2021,This April publication includes the subject headings: Is it a Yucca?; Message from the President; Calendar of Upcoming Events; Paul Warnick Arboretum Scholarship Endowment; Arboretum Associates Donor Roll; Re-siding the Arboretum Barn; Report from the Horticulturist,"Clancy, Katherine; Roby, Kris; Warnick, Paul",2021-02,,associations; arboretums; newsletters; flora (plants); fauna; horticulture; education;,United States--Idaho--Latah County--Moscow--University of Idaho Arboretum and Botanical Gardens,46.718601,-117.01662,Arbor Notes,University of Idaho Arboretum Associates,FY21-ARB-ArbAssocNewsletter-Spring2021,"Educational use includes non-commercial use of text and images in materials for teaching and research purposes. Digital reproduction rights granted and copyright held by the Arboretum Associates. For other uses beyond free use, please contact University of Idaho Library Special Collections and Archives Department at libspec@uidaho.edu.",http://rightsstatements.org/vocab/InC-EDU/1.0/,Newsletter,text,application/pdf,eng,FY21-ARB-ArbAssocNewsletter-Spring2021.pdf,,2021-04-07,2021-04-07,http://cdm17254.contentdm.oclc.org/cdm/ref/collection/arbornotes/id/59,59,60.pdf,/arbornotes/image/60.pdf,arbornotes59