objectid,title,date,issue,order,subject,description,creator,publisher,contributors,type,format,identifier,source,finding_aid,digital collection,language,rights,rightsstatement,Reference URL,cdmid,CONTENTdm file name,CONTENTdm file path
hwhi_1998_fall,Here We Have Idaho: Fall 1998,1998,Fall,199804,articles; astronaut; alumni; ,"""Vandal astronaut counts down to orbit"" by Marla Kale. Single article.",University of Idaho Communications & Marketing,University of Idaho,,Text,application/pdf,hwhi_1998_fall,"University Communications & Marketing, University of Idaho, https://www.uidaho.edu/news/here-we-have-idaho-magazine",https://www.lib.uidaho.edu/digital/hwhi/,Here We Have Idaho Archive,en,"Copyright University of Idaho. In copyright, educational use permitted. Educational use includes non-commercial reproduction of text and images in materials for teaching and research purposes. For other contexts beyond fair use, including digital reproduction, please contact the University of Idaho Library Special Collections and Archives Department at [libspec@uidaho.edu](mailto:libspec@uidaho.edu). The University of Idaho Library is not liable for any violations of the law by users.",http://rightsstatements.org/vocab/InC/1.0/,http://cdm17254.contentdm.oclc.org/cdm/ref/collection/hwhi/id/67,67,79.pdf,/hwhi/image/79.pdf
hwhi_2002_fall,Here We Have Idaho: Fall 2002,2002,Fall,200204,articles; national security; alumni,"Articles: ""National Security--UI's contributions to the nation's welfare""; ""Why did the Towers Fall?""; ""Hemingway En Cuba""; ""Southern California Alumni""",University of Idaho Communications & Marketing,University of Idaho,,Text,application/pdf,hwhi_2002_fall,"University Communications & Marketing, University of Idaho, https://www.uidaho.edu/news/here-we-have-idaho-magazine",https://www.lib.uidaho.edu/digital/hwhi/,Here We Have Idaho Archive,en,"Copyright University of Idaho. In copyright, educational use permitted. Educational use includes non-commercial reproduction of text and images in materials for teaching and research purposes. For other contexts beyond fair use, including digital reproduction, please contact the University of Idaho Library Special Collections and Archives Department at [libspec@uidaho.edu](mailto:libspec@uidaho.edu). The University of Idaho Library is not liable for any violations of the law by users.",http://rightsstatements.org/vocab/InC/1.0/,http://cdm17254.contentdm.oclc.org/cdm/ref/collection/hwhi/id/97,97,97.pdf,/hwhi/image/97.pdf
hwhi_2003_winter,Here We Have Idaho: Winter 2003,2003,Winter,200301,articles; Lionel Hampton; football; alumni,"Articles: ""Campaign for Idaho""; ""Lionel Hampton""; ""Young Researcher""; ""It's Academic""' ""A Dream Season""; ""UI in Spokane""; ""The Triumph of Jennie Hughes Smith""",University of Idaho Communications & Marketing,University of Idaho,,Text,application/pdf,hwhi_2003_winter,"University Communications & Marketing, University of Idaho, https://www.uidaho.edu/news/here-we-have-idaho-magazine",https://www.lib.uidaho.edu/digital/hwhi/,Here We Have Idaho Archive,en,"Copyright University of Idaho. In copyright, educational use permitted. Educational use includes non-commercial reproduction of text and images in materials for teaching and research purposes. For other contexts beyond fair use, including digital reproduction, please contact the University of Idaho Library Special Collections and Archives Department at [libspec@uidaho.edu](mailto:libspec@uidaho.edu). The University of Idaho Library is not liable for any violations of the law by users.",http://rightsstatements.org/vocab/InC/1.0/,http://cdm17254.contentdm.oclc.org/cdm/ref/collection/hwhi/id/62,62,48.pdf,/hwhi/image/48.pdf
hwhi_2003_spring,Here We Have Idaho: Spring 2003,2003,Spring,200302,articles; Lionel Hampton; research; NIATT,"Articles: ""Lionel Hampton Center""; ""President's Annual Report""; ""Research University""; ""NIATT""; ""Slinging Hash""; ""UI in Boise""",University of Idaho Communications & Marketing,University of Idaho,,Text,application/pdf,hwhi_2003_spring,"University Communications & Marketing, University of Idaho, https://www.uidaho.edu/news/here-we-have-idaho-magazine",https://www.lib.uidaho.edu/digital/hwhi/,Here We Have Idaho Archive,en,"Copyright University of Idaho. In copyright, educational use permitted. Educational use includes non-commercial reproduction of text and images in materials for teaching and research purposes. For other contexts beyond fair use, including digital reproduction, please contact the University of Idaho Library Special Collections and Archives Department at [libspec@uidaho.edu](mailto:libspec@uidaho.edu). The University of Idaho Library is not liable for any violations of the law by users.",http://rightsstatements.org/vocab/InC/1.0/,http://cdm17254.contentdm.oclc.org/cdm/ref/collection/hwhi/id/93,93,53.pdf,/hwhi/image/53.pdf
hwhi_2003_fall,Here We Have Idaho: Fall 2003,2003,Fall,200304,articles; cloning; mules; President Hoover,"Articles: ""Presidential Transition""; ""It's a Mule!""; ""$100 Million""; ""Messy Life of Ideas""; ""Alaska is Hot""; ""A Force of Unique Athletes""; ""Those Who Served""",University of Idaho Communications & Marketing,University of Idaho,,Text,application/pdf,hwhi_2003_fall,"University Communications & Marketing, University of Idaho, https://www.uidaho.edu/news/here-we-have-idaho-magazine",https://www.lib.uidaho.edu/digital/hwhi/,Here We Have Idaho Archive,en,"Copyright University of Idaho. In copyright, educational use permitted. Educational use includes non-commercial reproduction of text and images in materials for teaching and research purposes. For other contexts beyond fair use, including digital reproduction, please contact the University of Idaho Library Special Collections and Archives Department at [libspec@uidaho.edu](mailto:libspec@uidaho.edu). The University of Idaho Library is not liable for any violations of the law by users.",http://rightsstatements.org/vocab/InC/1.0/,http://cdm17254.contentdm.oclc.org/cdm/ref/collection/hwhi/id/91,91,75.pdf,/hwhi/image/75.pdf
hwhi_2004_winter,Here We Have Idaho: Winter 2004,2004,Winter,200401,articles; alumni; vinter,"Articles: ""Salud!""; ""Streams of Consciousness""; ""The Relevance of the Ancients""; ""Mastermind in Tech Problems""; ""Do the Math""; ""Sun Valley Vandals""; ""Leonard Perry"" ",University of Idaho Communications & Marketing,University of Idaho,,Text,application/pdf,hwhi_2004_winter,"University Communications & Marketing, University of Idaho, https://www.uidaho.edu/news/here-we-have-idaho-magazine",https://www.lib.uidaho.edu/digital/hwhi/,Here We Have Idaho Archive,en,"Copyright University of Idaho. In copyright, educational use permitted. Educational use includes non-commercial reproduction of text and images in materials for teaching and research purposes. For other contexts beyond fair use, including digital reproduction, please contact the University of Idaho Library Special Collections and Archives Department at [libspec@uidaho.edu](mailto:libspec@uidaho.edu). The University of Idaho Library is not liable for any violations of the law by users.",http://rightsstatements.org/vocab/InC/1.0/,http://cdm17254.contentdm.oclc.org/cdm/ref/collection/hwhi/id/92,92,49.pdf,/hwhi/image/49.pdf
hwhi_2004_spring,Here We Have Idaho: Spring 2004,2004,Spring,200402,articles; alumni; golf; hucklberry; sports,"Articles: ""New President""; ""Winning Their Way to Fame""; ""The Business of Golf""; ""Huckleberry Pioneer""; ""Portland Vandals; ""Vandal Sports""",University of Idaho Communications & Marketing,University of Idaho,,Text,application/pdf,hwhi_2004_spring,"University Communications & Marketing, University of Idaho, https://www.uidaho.edu/news/here-we-have-idaho-magazine",https://www.lib.uidaho.edu/digital/hwhi/,Here We Have Idaho Archive,en,"Copyright University of Idaho. In copyright, educational use permitted. Educational use includes non-commercial reproduction of text and images in materials for teaching and research purposes. For other contexts beyond fair use, including digital reproduction, please contact the University of Idaho Library Special Collections and Archives Department at [libspec@uidaho.edu](mailto:libspec@uidaho.edu). The University of Idaho Library is not liable for any violations of the law by users.",http://rightsstatements.org/vocab/InC/1.0/,http://cdm17254.contentdm.oclc.org/cdm/ref/collection/hwhi/id/49,49,90.pdf,/hwhi/image/90.pdf
hwhi_2004_fall,Here We Have Idaho: Fall 2004,2004,Fall,200404,articles; alumni; Antartica; Joe Vandal;  Blain County,"Articles: ""An Age of Innocence""; ""Cold World, Hot Science""; ""Weapons of Mass Destruction""; ""International Law""; ""Beyond the Books""; ""Washington D.C.""; ""I was Joe Vandal""",University of Idaho Communications & Marketing,University of Idaho,,Text,application/pdf,hwhi_2004_fall,"University Communications & Marketing, University of Idaho, https://www.uidaho.edu/news/here-we-have-idaho-magazine",https://www.lib.uidaho.edu/digital/hwhi/,Here We Have Idaho Archive,en,"Copyright University of Idaho. In copyright, educational use permitted. Educational use includes non-commercial reproduction of text and images in materials for teaching and research purposes. For other contexts beyond fair use, including digital reproduction, please contact the University of Idaho Library Special Collections and Archives Department at [libspec@uidaho.edu](mailto:libspec@uidaho.edu). The University of Idaho Library is not liable for any violations of the law by users.",http://rightsstatements.org/vocab/InC/1.0/,http://cdm17254.contentdm.oclc.org/cdm/ref/collection/hwhi/id/75,75,60.pdf,/hwhi/image/60.pdf
hwhi_2005_winter,Here We Have Idaho: Winter 2005,2005,Winter,200501,articles; alumni; Lewis and Clark,"Articles:  ""Lasting Legacies""; ""Bolstering Support""; ""How I Spent My Summer Vacation""; ""Kampa Family""; ""Score One for the Professor""; ""The Aliends Keepp Arriving""; ""UI's Go-to Guy""; ""Prime Time TV""",University of Idaho Communications & Marketing,University of Idaho,,Text,application/pdf,hwhi_2005_winter,"University Communications & Marketing, University of Idaho, https://www.uidaho.edu/news/here-we-have-idaho-magazine",https://www.lib.uidaho.edu/digital/hwhi/,Here We Have Idaho Archive,en,"Copyright University of Idaho. In copyright, educational use permitted. Educational use includes non-commercial reproduction of text and images in materials for teaching and research purposes. For other contexts beyond fair use, including digital reproduction, please contact the University of Idaho Library Special Collections and Archives Department at [libspec@uidaho.edu](mailto:libspec@uidaho.edu). The University of Idaho Library is not liable for any violations of the law by users.",http://rightsstatements.org/vocab/InC/1.0/,http://cdm17254.contentdm.oclc.org/cdm/ref/collection/hwhi/id/60,60,93.pdf,/hwhi/image/93.pdf
hwhi_2005_spring,Here We Have Idaho: Spring 2005,2005,Spring,200502,articles; alumni; ,"Articles: ""Traveling Old Rhodes and New""; ""KUID-TV""; ""Michael Kirk""; ""Healthy Research""; ""When Manners Matter""; ""How Scholarships Help""; ""BLOT""; ""Reconnecting to UI""; ""Sports Spotlight""",University of Idaho Communications & Marketing,University of Idaho,,Text,application/pdf,hwhi_2005_spring,"University Communications & Marketing, University of Idaho, https://www.uidaho.edu/news/here-we-have-idaho-magazine",https://www.lib.uidaho.edu/digital/hwhi/,Here We Have Idaho Archive,en,"Copyright University of Idaho. In copyright, educational use permitted. Educational use includes non-commercial reproduction of text and images in materials for teaching and research purposes. For other contexts beyond fair use, including digital reproduction, please contact the University of Idaho Library Special Collections and Archives Department at [libspec@uidaho.edu](mailto:libspec@uidaho.edu). The University of Idaho Library is not liable for any violations of the law by users.",http://rightsstatements.org/vocab/InC/1.0/,http://cdm17254.contentdm.oclc.org/cdm/ref/collection/hwhi/id/87,87,83.pdf,/hwhi/image/83.pdf
hwhi_2005_fall,Here We Have Idaho: Fall 2005,2005,Fall,200504,articles; alumni; Watergate,"Articles: ""Alumni Entrepreneurs""; ""Mark Felt Reveals his Secret""; ""Inspired to Help""; ""Virtural Technology and Design Students""; ""Nanotechnology""; ""Vandals Make Their WAC Debut""",University of Idaho Communications & Marketing,University of Idaho,,Text,application/pdf,hwhi_2005_fall,"University Communications & Marketing, University of Idaho, https://www.uidaho.edu/news/here-we-have-idaho-magazine",https://www.lib.uidaho.edu/digital/hwhi/,Here We Have Idaho Archive,en,"Copyright University of Idaho. In copyright, educational use permitted. Educational use includes non-commercial reproduction of text and images in materials for teaching and research purposes. For other contexts beyond fair use, including digital reproduction, please contact the University of Idaho Library Special Collections and Archives Department at [libspec@uidaho.edu](mailto:libspec@uidaho.edu). The University of Idaho Library is not liable for any violations of the law by users.",http://rightsstatements.org/vocab/InC/1.0/,http://cdm17254.contentdm.oclc.org/cdm/ref/collection/hwhi/id/68,68,88.pdf,/hwhi/image/88.pdf
hwhi_2006_winter,Here We Have Idaho: Winter 2006,2006,Winter,200601,articles; alumni,"Articles: ""Surprising Collections""; ""The First Family""; ""The Teaching and Learning Center""; ""Life on Wheels""; ""World Peace and Friendship""; ""Banners of Understanding"";  ""No High Decor, No Frills, No Nothing""; ""A Vandal's Collection of Memories""",University of Idaho Communications & Marketing,University of Idaho,,Text,application/pdf,hwhi_2006_winter,"University Communications & Marketing, University of Idaho, https://www.uidaho.edu/news/here-we-have-idaho-magazine",https://www.lib.uidaho.edu/digital/hwhi/,Here We Have Idaho Archive,en,"Copyright University of Idaho. In copyright, educational use permitted. Educational use includes non-commercial reproduction of text and images in materials for teaching and research purposes. For other contexts beyond fair use, including digital reproduction, please contact the University of Idaho Library Special Collections and Archives Department at [libspec@uidaho.edu](mailto:libspec@uidaho.edu). The University of Idaho Library is not liable for any violations of the law by users.",http://rightsstatements.org/vocab/InC/1.0/,http://cdm17254.contentdm.oclc.org/cdm/ref/collection/hwhi/id/50,50,77.pdf,/hwhi/image/77.pdf
hwhi_2006_spring,Here We Have Idaho: Spring 2006,2006,Spring,200602,articles; alumni; Taylor Ranch,"Articles: ""Taylor Ranch Field Station""; ""Welcome Back, Dennis""; ""It's More than Black and White""; ""Changing Soiled Perceptions""; ""The Best Seat in the House""; ""For Your Health"" ",University of Idaho Communications & Marketing,University of Idaho,,Text,application/pdf,hwhi_2006_spring,"University Communications & Marketing, University of Idaho, https://www.uidaho.edu/news/here-we-have-idaho-magazine",https://www.lib.uidaho.edu/digital/hwhi/,Here We Have Idaho Archive,en,"Copyright University of Idaho. In copyright, educational use permitted. Educational use includes non-commercial reproduction of text and images in materials for teaching and research purposes. For other contexts beyond fair use, including digital reproduction, please contact the University of Idaho Library Special Collections and Archives Department at [libspec@uidaho.edu](mailto:libspec@uidaho.edu). The University of Idaho Library is not liable for any violations of the law by users.",http://rightsstatements.org/vocab/InC/1.0/,http://cdm17254.contentdm.oclc.org/cdm/ref/collection/hwhi/id/65,65,62.pdf,/hwhi/image/62.pdf
hwhi_2006_erickson_insert,"Welcome Back, Dennis!",2006,Erickson insert,200603,articles; alumni; football,"""Welcome Back, Dennis""",University of Idaho Communications & Marketing,University of Idaho,,Text,application/pdf,hwhi_2006_erickson_insert,"University Communications & Marketing, University of Idaho, https://www.uidaho.edu/news/here-we-have-idaho-magazine",https://www.lib.uidaho.edu/digital/hwhi/,Here We Have Idaho Archive,en,"Copyright University of Idaho. In copyright, educational use permitted. Educational use includes non-commercial reproduction of text and images in materials for teaching and research purposes. For other contexts beyond fair use, including digital reproduction, please contact the University of Idaho Library Special Collections and Archives Department at [libspec@uidaho.edu](mailto:libspec@uidaho.edu). The University of Idaho Library is not liable for any violations of the law by users.",http://rightsstatements.org/vocab/InC/1.0/,http://cdm17254.contentdm.oclc.org/cdm/ref/collection/hwhi/id/72,72,80.pdf,/hwhi/image/80.pdf
hwhi_2006_fall,Here We Have Idaho: Fall 2006,2006,Fall,200604,articles; alumni; scholarships,"Articles: ""Inspired to Walk Free""; ""Operation Education""; ""Links that Last""; ""Art and Architecture""; ""A 'Wil' to Succeed""; ""Vandaleers Score a Milestone""",University of Idaho Communications & Marketing,University of Idaho,,Text,application/pdf,hwhi_2006_fall,"University Communications & Marketing, University of Idaho, https://www.uidaho.edu/news/here-we-have-idaho-magazine",https://www.lib.uidaho.edu/digital/hwhi/,Here We Have Idaho Archive,en,"Copyright University of Idaho. In copyright, educational use permitted. Educational use includes non-commercial reproduction of text and images in materials for teaching and research purposes. For other contexts beyond fair use, including digital reproduction, please contact the University of Idaho Library Special Collections and Archives Department at [libspec@uidaho.edu](mailto:libspec@uidaho.edu). The University of Idaho Library is not liable for any violations of the law by users.",http://rightsstatements.org/vocab/InC/1.0/,http://cdm17254.contentdm.oclc.org/cdm/ref/collection/hwhi/id/83,83,59.pdf,/hwhi/image/59.pdf
hwhi_2007_winter,Here We Have Idaho: Winter 2007,2007,Winter,200701,articles; alumni; winter sports,"Articles: ""High Hopes on the Slopes""; ""I'm Having Trouble Remembering""; ""World-Class Science with a View""; ""It's No Fishing Expedition""; ""Living with Students""",University of Idaho Communications & Marketing,University of Idaho,,Text,application/pdf,hwhi_2007_winter,"University Communications & Marketing, University of Idaho, https://www.uidaho.edu/news/here-we-have-idaho-magazine",https://www.lib.uidaho.edu/digital/hwhi/,Here We Have Idaho Archive,en,"Copyright University of Idaho. In copyright, educational use permitted. Educational use includes non-commercial reproduction of text and images in materials for teaching and research purposes. For other contexts beyond fair use, including digital reproduction, please contact the University of Idaho Library Special Collections and Archives Department at [libspec@uidaho.edu](mailto:libspec@uidaho.edu). The University of Idaho Library is not liable for any violations of the law by users.",http://rightsstatements.org/vocab/InC/1.0/,http://cdm17254.contentdm.oclc.org/cdm/ref/collection/hwhi/id/63,63,63.pdf,/hwhi/image/63.pdf
hwhi_2007_spring,Here We Have Idaho: Spring 2007,2007,Spring,200702,articles; alumni; engineering,"Articles: ""College of Engineering Centennial""; ""The Grand Canyon Skywalk""; ""Totally Psyched""; ""Tempted to Cheat?""; ""Chamber Music Series Celebrates 20 Years""; ""An Alabama Chemist Whips an Idaho Potato""",University of Idaho Communications & Marketing,University of Idaho,,Text,application/pdf,hwhi_2007_spring,"University Communications & Marketing, University of Idaho, https://www.uidaho.edu/news/here-we-have-idaho-magazine",https://www.lib.uidaho.edu/digital/hwhi/,Here We Have Idaho Archive,en,"Copyright University of Idaho. In copyright, educational use permitted. Educational use includes non-commercial reproduction of text and images in materials for teaching and research purposes. For other contexts beyond fair use, including digital reproduction, please contact the University of Idaho Library Special Collections and Archives Department at [libspec@uidaho.edu](mailto:libspec@uidaho.edu). The University of Idaho Library is not liable for any violations of the law by users.",http://rightsstatements.org/vocab/InC/1.0/,http://cdm17254.contentdm.oclc.org/cdm/ref/collection/hwhi/id/74,74,57.pdf,/hwhi/image/57.pdf
hwhi_2007_fall,Here We Have Idaho: Fall 2007,2007,Fall,200704,articles; alumni; sports,"Articles: ""Living Smart, Living Well in the 21st Century""; ""It's a Natural Connection""; ""Economics and Enlightenment""; ""Ag Days""; ""Operation Education Update""",University of Idaho Communications & Marketing,University of Idaho,,Text,application/pdf,hwhi_2007_fall,"University Communications & Marketing, University of Idaho, https://www.uidaho.edu/news/here-we-have-idaho-magazine",https://www.lib.uidaho.edu/digital/hwhi/,Here We Have Idaho Archive,en,"Copyright University of Idaho. In copyright, educational use permitted. Educational use includes non-commercial reproduction of text and images in materials for teaching and research purposes. For other contexts beyond fair use, including digital reproduction, please contact the University of Idaho Library Special Collections and Archives Department at [libspec@uidaho.edu](mailto:libspec@uidaho.edu). The University of Idaho Library is not liable for any violations of the law by users.",http://rightsstatements.org/vocab/InC/1.0/,http://cdm17254.contentdm.oclc.org/cdm/ref/collection/hwhi/id/81,81,54.pdf,/hwhi/image/54.pdf
hwhi_2008_winter,Here We Have Idaho: Winter 2008,2008,Winter,200801,articles; alumni; National Medal of Arts,"Articles: ""The New Nuclear Reaction""; ""Basquing in Success""; ""From Journalism to Politics""; ""Help is On the Way""; ""Silver and Gold Champions on the Green""; ""The Golden Touch""",University of Idaho Communications & Marketing,University of Idaho,,Text,application/pdf,hwhi_2008_winter,"University Communications & Marketing, University of Idaho, https://www.uidaho.edu/news/here-we-have-idaho-magazine",https://www.lib.uidaho.edu/digital/hwhi/,Here We Have Idaho Archive,en,"Copyright University of Idaho. In copyright, educational use permitted. Educational use includes non-commercial reproduction of text and images in materials for teaching and research purposes. For other contexts beyond fair use, including digital reproduction, please contact the University of Idaho Library Special Collections and Archives Department at [libspec@uidaho.edu](mailto:libspec@uidaho.edu). The University of Idaho Library is not liable for any violations of the law by users.",http://rightsstatements.org/vocab/InC/1.0/,http://cdm17254.contentdm.oclc.org/cdm/ref/collection/hwhi/id/85,85,89.pdf,/hwhi/image/89.pdf
hwhi_2008_spring,Here We Have Idaho: Spring 2008,2008,Spring,200802,articles; alumni; Kibbie Dome,"Articles: ""Transforming an Icon""; ""Fire and Water""; ""Wusi Maki""; ""Idaho Nanotechnology""; ""Inspired""",University of Idaho Communications & Marketing,University of Idaho,,Text,application/pdf,hwhi_2008_spring,"University Communications & Marketing, University of Idaho, https://www.uidaho.edu/news/here-we-have-idaho-magazine",https://www.lib.uidaho.edu/digital/hwhi/,Here We Have Idaho Archive,en,"Copyright University of Idaho. In copyright, educational use permitted. Educational use includes non-commercial reproduction of text and images in materials for teaching and research purposes. For other contexts beyond fair use, including digital reproduction, please contact the University of Idaho Library Special Collections and Archives Department at [libspec@uidaho.edu](mailto:libspec@uidaho.edu). The University of Idaho Library is not liable for any violations of the law by users.",http://rightsstatements.org/vocab/InC/1.0/,http://cdm17254.contentdm.oclc.org/cdm/ref/collection/hwhi/id/88,88,66.pdf,/hwhi/image/66.pdf
hwhi_2008_fall,Here We Have Idaho: Fall 2008,2008,Fall,200804,articles; alumni; commencement,"Articles: ""Food Science Has a Tasty Future""; ""Tim White's Idaho Legacy""; ""Being a Vandal is a Family Tradition""; ""Commencement Highlights""; ""Honorary Degree Recipients""; ""Fresh Thinking and Healthy Eating""; ""Investing in the University's Future""; ""A Vision Takes Wings""; ""Swoosh!""",University of Idaho Communications & Marketing,University of Idaho,,Text,application/pdf,hwhi_2008_fall,"University Communications & Marketing, University of Idaho, https://www.uidaho.edu/news/here-we-have-idaho-magazine",https://www.lib.uidaho.edu/digital/hwhi/,Here We Have Idaho Archive,en,"Copyright University of Idaho. In copyright, educational use permitted. Educational use includes non-commercial reproduction of text and images in materials for teaching and research purposes. For other contexts beyond fair use, including digital reproduction, please contact the University of Idaho Library Special Collections and Archives Department at [libspec@uidaho.edu](mailto:libspec@uidaho.edu). The University of Idaho Library is not liable for any violations of the law by users.",http://rightsstatements.org/vocab/InC/1.0/,http://cdm17254.contentdm.oclc.org/cdm/ref/collection/hwhi/id/90,90,94.pdf,/hwhi/image/94.pdf
hwhi_2009_winter,Here We Have Idaho: Winter 2009,2009,Winter,200901,articles; alumni; College of Law,"Articles: ""College of Law Centennial""; ""Mixing Research and Undergraduates""; ""Opening Doors""; ""How Do You Recycle Enriched Uranium""; ""The Tale of Three Pennies""; ""Appreciating and Honoring Our Vandal Families""; ""Idaho Punter T.J. Conley""",University of Idaho Communications & Marketing,University of Idaho,,Text,application/pdf,hwhi_2009_winter,"University Communications & Marketing, University of Idaho, https://www.uidaho.edu/news/here-we-have-idaho-magazine",https://www.lib.uidaho.edu/digital/hwhi/,Here We Have Idaho Archive,en,"Copyright University of Idaho. In copyright, educational use permitted. Educational use includes non-commercial reproduction of text and images in materials for teaching and research purposes. For other contexts beyond fair use, including digital reproduction, please contact the University of Idaho Library Special Collections and Archives Department at [libspec@uidaho.edu](mailto:libspec@uidaho.edu). The University of Idaho Library is not liable for any violations of the law by users.",http://rightsstatements.org/vocab/InC/1.0/,http://cdm17254.contentdm.oclc.org/cdm/ref/collection/hwhi/id/76,76,56.pdf,/hwhi/image/56.pdf
hwhi_2009_summer,Here We Have Idaho: Summer 2009,2009,Summer,200903,articles; alumni; Kibbie Dome,"Articles: ""The Nellis Era Has Begun""; ""A Life of Leading""; ""The Power to Lead""; ""Commencement 2009""; ""Kibbie Overhaul""",University of Idaho Communications & Marketing,University of Idaho,,Text,application/pdf,hwhi_2009_summer,"University Communications & Marketing, University of Idaho, https://www.uidaho.edu/news/here-we-have-idaho-magazine",https://www.lib.uidaho.edu/digital/hwhi/,Here We Have Idaho Archive,en,"Copyright University of Idaho. In copyright, educational use permitted. Educational use includes non-commercial reproduction of text and images in materials for teaching and research purposes. For other contexts beyond fair use, including digital reproduction, please contact the University of Idaho Library Special Collections and Archives Department at [libspec@uidaho.edu](mailto:libspec@uidaho.edu). The University of Idaho Library is not liable for any violations of the law by users.",http://rightsstatements.org/vocab/InC/1.0/,http://cdm17254.contentdm.oclc.org/cdm/ref/collection/hwhi/id/66,66,87.pdf,/hwhi/image/87.pdf
hwhi_2009_fall,Here We Have Idaho: Fall 2009,2009,Fall,200904,articles; alumni; Tutxinmepu Pow Wow,"Articles: ""High-Tech in the Courtroom""; ""A Presidential Award for Innovation and Social Impact""; ""Idaho Basketball--A Remarkable Turnaround""; ""The Power of Learning Through Service""; ""Tutxinmepu Pow Wow""; ""Times Have Changed for Family and Consumer Sciences""; ""Wherefore Art Thou, Giant Palouse Earthworm?""; ""Preseident M. Duane Nellis Sets the Pace""; ""Creating the Perfect Wave""; ""A 106-Million-Dollar Celebration""; ""100 Years of Forestry Education""; ""A Vandal Legacy- Phil and Mac Hopson""",University of Idaho Communications & Marketing,University of Idaho,,Text,application/pdf,hwhi_2009_fall,"University Communications & Marketing, University of Idaho, https://www.uidaho.edu/news/here-we-have-idaho-magazine",https://www.lib.uidaho.edu/digital/hwhi/,Here We Have Idaho Archive,en,"Copyright University of Idaho. In copyright, educational use permitted. Educational use includes non-commercial reproduction of text and images in materials for teaching and research purposes. For other contexts beyond fair use, including digital reproduction, please contact the University of Idaho Library Special Collections and Archives Department at [libspec@uidaho.edu](mailto:libspec@uidaho.edu). The University of Idaho Library is not liable for any violations of the law by users.",http://rightsstatements.org/vocab/InC/1.0/,http://cdm17254.contentdm.oclc.org/cdm/ref/collection/hwhi/id/57,57,52.pdf,/hwhi/image/52.pdf
hwhi_2010_spring,Here We Have Idaho: Spring 2010,2010,Spring,201002,articles; alumni; WWAMI,"Articles: ""Medical Education in Idaho""; ""The New Haddock Performance Hall""; ""A Gift That Goes With the Grain""; ""An Integrated Business Education""; ""Focusing the Future""; ""Impacts of the Humanitarian Bowl Win""",University of Idaho Communications & Marketing,University of Idaho,,Text,application/pdf,hwhi_2010_spring,"University Communications & Marketing, University of Idaho, https://www.uidaho.edu/news/here-we-have-idaho-magazine",https://www.lib.uidaho.edu/digital/hwhi/,Here We Have Idaho Archive,en,"Copyright University of Idaho. In copyright, educational use permitted. Educational use includes non-commercial reproduction of text and images in materials for teaching and research purposes. For other contexts beyond fair use, including digital reproduction, please contact the University of Idaho Library Special Collections and Archives Department at [libspec@uidaho.edu](mailto:libspec@uidaho.edu). The University of Idaho Library is not liable for any violations of the law by users.",http://rightsstatements.org/vocab/InC/1.0/,http://cdm17254.contentdm.oclc.org/cdm/ref/collection/hwhi/id/51,51,82.pdf,/hwhi/image/82.pdf
hwhi_2010_summer,Here We Have Idaho: Summer 2010,2010,Summer,201003,articles; alumni; commencement,"Articles: ""Community Service""; ""Extending Legal Education to Boise""; ""It was a Good Legend...as Worm Legends Go""; ""2010 Commencement""; ""The Science of Success""; ""How Dario Toffenetti put the 'Famous' in Idaho Potatoes""; ""History in a Barrel""",University of Idaho Communications & Marketing,University of Idaho,,Text,application/pdf,hwhi_2010_summer,"University Communications & Marketing, University of Idaho, https://www.uidaho.edu/news/here-we-have-idaho-magazine",https://www.lib.uidaho.edu/digital/hwhi/,Here We Have Idaho Archive,en,"Copyright University of Idaho. In copyright, educational use permitted. Educational use includes non-commercial reproduction of text and images in materials for teaching and research purposes. For other contexts beyond fair use, including digital reproduction, please contact the University of Idaho Library Special Collections and Archives Department at [libspec@uidaho.edu](mailto:libspec@uidaho.edu). The University of Idaho Library is not liable for any violations of the law by users.",http://rightsstatements.org/vocab/InC/1.0/,http://cdm17254.contentdm.oclc.org/cdm/ref/collection/hwhi/id/54,54,91.pdf,/hwhi/image/91.pdf
hwhi_2010_fall,Here We Have Idaho: Fall 2010,2010,Fall,201004,articles; alumni; sports,"Articles: ""Our Innovators""; ""A New Era in Partnerships""; ""It's A-maze-ing'""; ""Stereotype Busters""' ""Idaho Pole Vaulters""; ""2010--Year in Review""; ""2010 Foundation Annual Report""",University of Idaho Communications & Marketing,University of Idaho,,Text,application/pdf,hwhi_2010_fall,"University Communications & Marketing, University of Idaho, https://www.uidaho.edu/news/here-we-have-idaho-magazine",https://www.lib.uidaho.edu/digital/hwhi/,Here We Have Idaho Archive,en,"Copyright University of Idaho. In copyright, educational use permitted. Educational use includes non-commercial reproduction of text and images in materials for teaching and research purposes. For other contexts beyond fair use, including digital reproduction, please contact the University of Idaho Library Special Collections and Archives Department at [libspec@uidaho.edu](mailto:libspec@uidaho.edu). The University of Idaho Library is not liable for any violations of the law by users.",http://rightsstatements.org/vocab/InC/1.0/,http://cdm17254.contentdm.oclc.org/cdm/ref/collection/hwhi/id/77,77,67.pdf,/hwhi/image/67.pdf
hwhi_2011_spring,Here We Have Idaho: Spring 2011,2011,Spring,201102,articles; alumni; Malcolm Renfew,"Articles: ""Their Cup Runneth Over With Math Success""; ""Malcolm Refrew Celebrates a Century""; ""A Global Future in Education""; ""Business Program Looks to Denmark""; ""Lessons Learned""; ""Hats Off to Service-Learning""; ""Catching Up with Jerry Kramer""",University of Idaho Communications & Marketing,University of Idaho,,Text,application/pdf,hwhi_2011_spring,"University Communications & Marketing, University of Idaho, https://www.uidaho.edu/news/here-we-have-idaho-magazine",https://www.lib.uidaho.edu/digital/hwhi/,Here We Have Idaho Archive,en,"Copyright University of Idaho. In copyright, educational use permitted. Educational use includes non-commercial reproduction of text and images in materials for teaching and research purposes. For other contexts beyond fair use, including digital reproduction, please contact the University of Idaho Library Special Collections and Archives Department at [libspec@uidaho.edu](mailto:libspec@uidaho.edu). The University of Idaho Library is not liable for any violations of the law by users.",http://rightsstatements.org/vocab/InC/1.0/,http://cdm17254.contentdm.oclc.org/cdm/ref/collection/hwhi/id/53,53,85.pdf,/hwhi/image/85.pdf
hwhi_2011_summer,Here We Have Idaho: Summer 2011,2011,Summer,201103,articles; alumni; Nigeria,"Articles: ""Mystery in Nigeria""; ""Born to a Vandal Pride""; ""U-Idaho Plows Ahead with Climate and Ag Research""; ""Hemingway Festival Invigorates Idaho Icon""; ""President's Leadership Tour""; ""Planting the Seed of Science""; ""A Long Shot""",University of Idaho Communications & Marketing,University of Idaho,,Text,application/pdf,hwhi_2011_summer,"University Communications & Marketing, University of Idaho, https://www.uidaho.edu/news/here-we-have-idaho-magazine",https://www.lib.uidaho.edu/digital/hwhi/,Here We Have Idaho Archive,en,"Copyright University of Idaho. In copyright, educational use permitted. Educational use includes non-commercial reproduction of text and images in materials for teaching and research purposes. For other contexts beyond fair use, including digital reproduction, please contact the University of Idaho Library Special Collections and Archives Department at [libspec@uidaho.edu](mailto:libspec@uidaho.edu). The University of Idaho Library is not liable for any violations of the law by users.",http://rightsstatements.org/vocab/InC/1.0/,http://cdm17254.contentdm.oclc.org/cdm/ref/collection/hwhi/id/69,69,92.pdf,/hwhi/image/92.pdf
hwhi_2012_spring,Here We Have Idaho: Spring 2012,2012,Spring,201202,articles; alumni; Kelly Creek,"Articles: ""Kelly Creek Speaks""; ""A Little Piece of the Big Easy""; ""Prichard Gallery Celebrates 25 Years as Downtown's Draw""; ""Vandal-izing Antartica the Eco-Friendly Way""; ""Inspiring Futures: Invest in the University of Idaho""; ""Abraham Lincoln: Vampire Hunter""; ""Neither Rain, Sleet nor Snow Slowed Vandal Golfer Kayla Mortellaro""",University of Idaho Communications & Marketing,University of Idaho,,Text,application/pdf,hwhi_2012_spring,"University Communications & Marketing, University of Idaho, https://www.uidaho.edu/news/here-we-have-idaho-magazine",https://www.lib.uidaho.edu/digital/hwhi/,Here We Have Idaho Archive,en,"Copyright University of Idaho. In copyright, educational use permitted. Educational use includes non-commercial reproduction of text and images in materials for teaching and research purposes. For other contexts beyond fair use, including digital reproduction, please contact the University of Idaho Library Special Collections and Archives Department at [libspec@uidaho.edu](mailto:libspec@uidaho.edu). The University of Idaho Library is not liable for any violations of the law by users.",http://rightsstatements.org/vocab/InC/1.0/,http://cdm17254.contentdm.oclc.org/cdm/ref/collection/hwhi/id/47,47,61.pdf,/hwhi/image/61.pdf
hwhi_2012_fall,Here We Have Idaho: Fall 2012,2012,Fall,201204,articles; alumni; polar bear,"Articles: ""Painting the Globe Green, Naturally""; ""Insect Collection Aflutter with Butterflies""; ""TV Personality Buddy Levy Lights Children's Love of Learning""; ""Working Like a Dog""; ""Getting Their Hands Dirty""; ""Putting the 'Student' in Student-Athlete""",University of Idaho Communications & Marketing,University of Idaho,,Text,application/pdf,hwhi_2012_fall,"University Communications & Marketing, University of Idaho, https://www.uidaho.edu/news/here-we-have-idaho-magazine",https://www.lib.uidaho.edu/digital/hwhi/,Here We Have Idaho Archive,en,"Copyright University of Idaho. In copyright, educational use permitted. Educational use includes non-commercial reproduction of text and images in materials for teaching and research purposes. For other contexts beyond fair use, including digital reproduction, please contact the University of Idaho Library Special Collections and Archives Department at [libspec@uidaho.edu](mailto:libspec@uidaho.edu). The University of Idaho Library is not liable for any violations of the law by users.",http://rightsstatements.org/vocab/InC/1.0/,http://cdm17254.contentdm.oclc.org/cdm/ref/collection/hwhi/id/56,56,81.pdf,/hwhi/image/81.pdf
hwhi_2013_spring,Here We Have Idaho: Spring 2013,2013,Spring,201302,articles; alumni; engineering,"Articles: ""The Power of Lipstick""; "" Launch Pad for Success""; ""Visualing a Vast World""; ""New IGS State map""; ""Rolling with the Rhythm""; ""Feats with Beats""; ""Paul Petrino""",University of Idaho Communications & Marketing,University of Idaho,,Text,application/pdf,hwhi_2013_spring,"University Communications & Marketing, University of Idaho, https://www.uidaho.edu/news/here-we-have-idaho-magazine",https://www.lib.uidaho.edu/digital/hwhi/,Here We Have Idaho Archive,en,"Copyright University of Idaho. In copyright, educational use permitted. Educational use includes non-commercial reproduction of text and images in materials for teaching and research purposes. For other contexts beyond fair use, including digital reproduction, please contact the University of Idaho Library Special Collections and Archives Department at [libspec@uidaho.edu](mailto:libspec@uidaho.edu). The University of Idaho Library is not liable for any violations of the law by users.",http://rightsstatements.org/vocab/InC/1.0/,http://cdm17254.contentdm.oclc.org/cdm/ref/collection/hwhi/id/61,61,78.pdf,/hwhi/image/78.pdf
hwhi_2013_summer,Here We Have Idaho: Summer 2013,2013,Summer,201303,articles; alumni; chemistry,"Articles: ""Healthy Balance""; ""A Passion for People, Places""; ""Herbarium Grows Projects On Campus, Online""; ""Elements of Fun""; ""Clues to Conservation""; ""Inspired by Nature""; ""Vandal Football Joins Sun Belt Conference""",University of Idaho Communications & Marketing,University of Idaho,,Text,application/pdf,hwhi_2013_summer,"University Communications & Marketing, University of Idaho, https://www.uidaho.edu/news/here-we-have-idaho-magazine",https://www.lib.uidaho.edu/digital/hwhi/,Here We Have Idaho Archive,en,"Copyright University of Idaho. In copyright, educational use permitted. Educational use includes non-commercial reproduction of text and images in materials for teaching and research purposes. For other contexts beyond fair use, including digital reproduction, please contact the University of Idaho Library Special Collections and Archives Department at [libspec@uidaho.edu](mailto:libspec@uidaho.edu). The University of Idaho Library is not liable for any violations of the law by users.",http://rightsstatements.org/vocab/InC/1.0/,http://cdm17254.contentdm.oclc.org/cdm/ref/collection/hwhi/id/71,71,76.pdf,/hwhi/image/76.pdf
hwhi_2013_fall,Here We Have Idaho: Fall 2013,2013,Fall,201304,articles; alumni; farming,"Articles: ""Fostering Food: UI's Food Technology Center""; ""More Women Find their Place in Farming""; ""A Perfect Pairing: School of Food Science""; ""Take a Trip Through Ag Country""; ""A Toast to Idaho Wine""; ""Vandal Brand Meats""; ""Dining-Room Diplomacy""; ""Pizza: A Sneaky, Tasty Way to Deliver Tofu""; ""From a Prayer to Prosperity: Litehouse Foods""; ""Eat with Confidence: UI Micorbiologist Works to Keep E. Coli Out of the Kitchen""; ""Football in the Family""",University of Idaho Communications & Marketing,University of Idaho,,Text,application/pdf,hwhi_2013_fall,"University Communications & Marketing, University of Idaho, https://www.uidaho.edu/news/here-we-have-idaho-magazine",https://www.lib.uidaho.edu/digital/hwhi/,Here We Have Idaho Archive,en,"Copyright University of Idaho. In copyright, educational use permitted. Educational use includes non-commercial reproduction of text and images in materials for teaching and research purposes. For other contexts beyond fair use, including digital reproduction, please contact the University of Idaho Library Special Collections and Archives Department at [libspec@uidaho.edu](mailto:libspec@uidaho.edu). The University of Idaho Library is not liable for any violations of the law by users.",http://rightsstatements.org/vocab/InC/1.0/,http://cdm17254.contentdm.oclc.org/cdm/ref/collection/hwhi/id/59,59,68.pdf,/hwhi/image/68.pdf
hwhi_2014_spring,Here We Have Idaho: Spring 2014,2014,Spring,201402,articles; alumni; architecture,"Articles: ""From a Single Building to a Nationally Ranked University""; ""Research Unites Learning, Service""; ""Timeline""; ""Pieces of our History""; ""University of Idaho Statewide""; ""Born to Serve""; ""Designed for Distinction""; ""Campus Architecture Map""; ""Plans Envision Brighter Path Between Town and Gown""; ""Confessions from an Accidental Vandal""; ""UI Colleges: The Way Forward""; ""Back to the Future: Vandal Sports Timeline""",University of Idaho Communications & Marketing,University of Idaho,,Text,application/pdf,hwhi_2014_spring,"University Communications & Marketing, University of Idaho, https://www.uidaho.edu/news/here-we-have-idaho-magazine",https://www.lib.uidaho.edu/digital/hwhi/,Here We Have Idaho Archive,en,"Copyright University of Idaho. In copyright, educational use permitted. Educational use includes non-commercial reproduction of text and images in materials for teaching and research purposes. For other contexts beyond fair use, including digital reproduction, please contact the University of Idaho Library Special Collections and Archives Department at [libspec@uidaho.edu](mailto:libspec@uidaho.edu). The University of Idaho Library is not liable for any violations of the law by users.",http://rightsstatements.org/vocab/InC/1.0/,http://cdm17254.contentdm.oclc.org/cdm/ref/collection/hwhi/id/48,48,84.pdf,/hwhi/image/84.pdf
hwhi_2014_fall,Here We Have Idaho: Fall 2014,2014,Fall,201404,articles; alumni; insects,"Articles: ""Insects, Agriculture and Discovery""; ""Destined to Lead: ASUI President Fisher""; ""Leading the Way: UI President Staben""; ""Dimensions of Diversity""; ""The Leadership Playbook: Athletics""; ""Decades of Vandal Decotion: Pitman Retires""",University of Idaho Communications & Marketing,University of Idaho,,Text,application/pdf,hwhi_2014_fall,"University Communications & Marketing, University of Idaho, https://www.uidaho.edu/news/here-we-have-idaho-magazine",https://www.lib.uidaho.edu/digital/hwhi/,Here We Have Idaho Archive,en,"Copyright University of Idaho. In copyright, educational use permitted. Educational use includes non-commercial reproduction of text and images in materials for teaching and research purposes. For other contexts beyond fair use, including digital reproduction, please contact the University of Idaho Library Special Collections and Archives Department at [libspec@uidaho.edu](mailto:libspec@uidaho.edu). The University of Idaho Library is not liable for any violations of the law by users.",http://rightsstatements.org/vocab/InC/1.0/,http://cdm17254.contentdm.oclc.org/cdm/ref/collection/hwhi/id/52,52,69.pdf,/hwhi/image/69.pdf
hwhi_2015_spring,Here We Have Idaho: Spring 2015,2015,Spring,201502,articles; alumni; Greek Row,"Articles: ""Transforming Students""; ""Curating a Future""; ""Meet Diego Juarez""; ""Student Experience by the Numbers""; ""Greek Row Gets Facelift""; ""Engineering Graduate Gives Back to Honor Legacy of Professor""; ""Connecting the Dots""; ""Organization Helps Footballl Player be a Great Athlete and a Great Student""",University of Idaho Communications & Marketing,University of Idaho,,Text,application/pdf,hwhi_2015_spring,"University Communications & Marketing, University of Idaho, https://www.uidaho.edu/news/here-we-have-idaho-magazine",https://www.lib.uidaho.edu/digital/hwhi/,Here We Have Idaho Archive,en,"Copyright University of Idaho. In copyright, educational use permitted. Educational use includes non-commercial reproduction of text and images in materials for teaching and research purposes. For other contexts beyond fair use, including digital reproduction, please contact the University of Idaho Library Special Collections and Archives Department at [libspec@uidaho.edu](mailto:libspec@uidaho.edu). The University of Idaho Library is not liable for any violations of the law by users.",http://rightsstatements.org/vocab/InC/1.0/,http://cdm17254.contentdm.oclc.org/cdm/ref/collection/hwhi/id/89,89,71.pdf,/hwhi/image/71.pdf
hwhi_2015_fall,Here We Have Idaho: Fall 2015,2015,Fall,201504,articles; alumni; China,"Articles: ""Internationalizing UI's College of Law""; ""Looking for Answers at the Top of the World""; ""Fish Tales of the Amazon""; "" Sustainable Science""; ""Open Doors to China""; ""Study Abroad Offers Life-Changing Experiences""; ""UI Around the World""; ""Opportunities Add Up for Goldwater Scholar""; ""Martin Institute International Studies Program""; ""Securing the World""; ""A Global Game""; ""A Vandal Family Legacy in Honduras""",University of Idaho Communications & Marketing,University of Idaho,,Text,application/pdf,hwhi_2015_fall,"University Communications & Marketing, University of Idaho, https://www.uidaho.edu/news/here-we-have-idaho-magazine",https://www.lib.uidaho.edu/digital/hwhi/,Here We Have Idaho Archive,en,"Copyright University of Idaho. In copyright, educational use permitted. Educational use includes non-commercial reproduction of text and images in materials for teaching and research purposes. For other contexts beyond fair use, including digital reproduction, please contact the University of Idaho Library Special Collections and Archives Department at [libspec@uidaho.edu](mailto:libspec@uidaho.edu). The University of Idaho Library is not liable for any violations of the law by users.",http://rightsstatements.org/vocab/InC/1.0/,http://cdm17254.contentdm.oclc.org/cdm/ref/collection/hwhi/id/64,64,74.pdf,/hwhi/image/74.pdf
hwhi_2016_spring,Here We Have Idaho: Spring 2016,2016,Spring,201602,articles; alumni; 4-H,"Articles: ""Vandals in Partnership""; ""Idaho's Medical School""; ""A Simpatico Relationship: How UI and the State's Latino Population Sustain One Another""; ""Changing Lives through 4-H""; ""What Does Fire Mean"":; ""A Better Education for Everyone""; ""Pro Bono Benefits""; ""Part of Something Special""; ""Exploring Geothermal Opportunities""; ""Breaking the Stigma: Athletes Aspire to Inspire""",University of Idaho Communications & Marketing,University of Idaho,,Text,application/pdf,hwhi_2016_spring,"University Communications & Marketing, University of Idaho, https://www.uidaho.edu/news/here-we-have-idaho-magazine",https://www.lib.uidaho.edu/digital/hwhi/,Here We Have Idaho Archive,en,"Copyright University of Idaho. In copyright, educational use permitted. Educational use includes non-commercial reproduction of text and images in materials for teaching and research purposes. For other contexts beyond fair use, including digital reproduction, please contact the University of Idaho Library Special Collections and Archives Department at [libspec@uidaho.edu](mailto:libspec@uidaho.edu). The University of Idaho Library is not liable for any violations of the law by users.",http://rightsstatements.org/vocab/InC/1.0/,http://cdm17254.contentdm.oclc.org/cdm/ref/collection/hwhi/id/55,55,55.pdf,/hwhi/image/55.pdf
hwhi_2016_fall,Here We Have Idaho: Fall 2016,2016,Fall,201604,articles; alumni; Library design,"Articles: ""On-Campus Living""; ""The Future is Wide Open""; ""The Grand Challenge of Protecting Our Connected Future""; ""Evolving Learning""; ""A New Era in Library Design""; ""A Strategic Vision""; ""Campus of the Future""; ""A Vision Comes to LIfe""; ""Helping People Accomplish Their Goals""; ""The Future is Bright""; ""Herd Mentality""; ""Meet the New Leadership""",University of Idaho Communications & Marketing,University of Idaho,,Text,application/pdf,hwhi_2016_fall,"University Communications & Marketing, University of Idaho, https://www.uidaho.edu/news/here-we-have-idaho-magazine",https://www.lib.uidaho.edu/digital/hwhi/,Here We Have Idaho Archive,en,"Copyright University of Idaho. In copyright, educational use permitted. Educational use includes non-commercial reproduction of text and images in materials for teaching and research purposes. For other contexts beyond fair use, including digital reproduction, please contact the University of Idaho Library Special Collections and Archives Department at [libspec@uidaho.edu](mailto:libspec@uidaho.edu). The University of Idaho Library is not liable for any violations of the law by users.",http://rightsstatements.org/vocab/InC/1.0/,http://cdm17254.contentdm.oclc.org/cdm/ref/collection/hwhi/id/84,84,50.pdf,/hwhi/image/50.pdf
hwhi_2017_spring,Here We Have Idaho: Spring 2017,2017,Spring,201702,articles; alumni; Mars,"Articles: ""Geology Goes to Mars""; ""Voices of Idaho: Defining our Focus""; ""Shooting for the Stars""; ""Eclipse 2017""; ""Voices of Idaho: One Hundred Years Hence""; ""An Atmosphere for Space Education""; ""In Support of Science""; ""Voices of Idaho: 242 Days That Changed My Life""; ""Turning Point""; ""What Cassini Can Teach Us""; ""Foldout: Vandals in Space""; ""Blind Spot""; "" What's for Dinner?""; ""Voices of Idaho: STEM Education Leads to Career in Rocket Science""; ""Protecting Space""; ""Star-Struck""; ""Alumni Awards""",University of Idaho Communications & Marketing,University of Idaho,,Text,application/pdf,hwhi_2017_spring,"University Communications & Marketing, University of Idaho, https://www.uidaho.edu/news/here-we-have-idaho-magazine",https://www.lib.uidaho.edu/digital/hwhi/,Here We Have Idaho Archive,en,"Copyright University of Idaho. In copyright, educational use permitted. Educational use includes non-commercial reproduction of text and images in materials for teaching and research purposes. For other contexts beyond fair use, including digital reproduction, please contact the University of Idaho Library Special Collections and Archives Department at [libspec@uidaho.edu](mailto:libspec@uidaho.edu). The University of Idaho Library is not liable for any violations of the law by users.",http://rightsstatements.org/vocab/InC/1.0/,http://cdm17254.contentdm.oclc.org/cdm/ref/collection/hwhi/id/86,86,58.pdf,/hwhi/image/58.pdf
hwhi_2017_fall,Here We Have Idaho: Fall 2017,2017,Fall,201704,articles; alumni; IKEEP,"Articles: ""IKEEP""; ""Higher Education, One Click Away""; ""Veronica Bridges""; ""A Competitive Edge""; ""Distance Learner Gives Back""; ""Making Law School Dreams a Reality""; ""Training Future Advocates""; ""Global Perspective""; ""Selso Gallegos""; ""A Chance at Success""; ""Meeting Students Where They are""; ""Voices of Idaho: Emma Atchley""; ""Gabriella Garcias""; ""The Idaho AD Club Surges On""; ""Her Best Self"": "" Raising the Pennant""; ""Ericka Rupp""",University of Idaho Communications & Marketing,University of Idaho,,Text,application/pdf,hwhi_2017_fall,"University Communications & Marketing, University of Idaho, https://www.uidaho.edu/news/here-we-have-idaho-magazine",https://www.lib.uidaho.edu/digital/hwhi/,Here We Have Idaho Archive,en,"Copyright University of Idaho. In copyright, educational use permitted. Educational use includes non-commercial reproduction of text and images in materials for teaching and research purposes. For other contexts beyond fair use, including digital reproduction, please contact the University of Idaho Library Special Collections and Archives Department at [libspec@uidaho.edu](mailto:libspec@uidaho.edu). The University of Idaho Library is not liable for any violations of the law by users.",http://rightsstatements.org/vocab/InC/1.0/,http://cdm17254.contentdm.oclc.org/cdm/ref/collection/hwhi/id/79,79,51.pdf,/hwhi/image/51.pdf
hwhi_2018_spring,Here We Have Idaho: Spring 2018,2018,Spring,201802,articles; alumni; CAFE Project,"Articles: ""A History of Natural Reosurces at U of I""; ""Voices of Idaho: 100 Years of Excellence""; ""Lisette Waits""; ""CAFE Project Supports Idaho's Fast-Growing Dairy Industry""; ""Connecting to Science""; ""A Collaboration to Support Idaho's Rangelands""; ""Contemplating Nature""; ""Bringing Power to the Nation's Most Remote Researach Station""; ""A Game Changer""; ""Adam Wicks-Arshack""; ""A Unique Learning Opportunity""; ""Saving Lives in the Forest""; ""Vandal Sweethearts Give Back""",University of Idaho Communications & Marketing,University of Idaho,,Text,application/pdf,hwhi_2018_spring,"University Communications & Marketing, University of Idaho, https://www.uidaho.edu/news/here-we-have-idaho-magazine",https://www.lib.uidaho.edu/digital/hwhi/,Here We Have Idaho Archive,en,"Copyright University of Idaho. In copyright, educational use permitted. Educational use includes non-commercial reproduction of text and images in materials for teaching and research purposes. For other contexts beyond fair use, including digital reproduction, please contact the University of Idaho Library Special Collections and Archives Department at [libspec@uidaho.edu](mailto:libspec@uidaho.edu). The University of Idaho Library is not liable for any violations of the law by users.",http://rightsstatements.org/vocab/InC/1.0/,http://cdm17254.contentdm.oclc.org/cdm/ref/collection/hwhi/id/73,73,86.pdf,/hwhi/image/86.pdf
hwhi_2018_fall,Here We Have Idaho: Fall 2018,2018,Fall,201804,articles; alumni; entrepreneur,"Articles: ""Life's a Pitch""; ""Idaho Entrepreneurs Program""; ""Student Vignette: Kenny Sheffler""; ""Voices of Idaho: Payton McGriff""; ""Empowering Latina Entrepreneurs""; ""A Hub for Shared Breakthroughs""; ""Invention Pipeline""; ""Feeding Idaho""; ""Success in the Fifth Quarter""; ""Job Centric""; ""Design-Build Program Connects Architecture Students with Real Clients""; ""the Path to Pay It Forward""",University of Idaho Communications & Marketing,University of Idaho,,Text,application/pdf,hwhi_2018_fall,"University Communications & Marketing, University of Idaho, https://www.uidaho.edu/news/here-we-have-idaho-magazine",https://www.lib.uidaho.edu/digital/hwhi/,Here We Have Idaho Archive,en,"Copyright University of Idaho. In copyright, educational use permitted. Educational use includes non-commercial reproduction of text and images in materials for teaching and research purposes. For other contexts beyond fair use, including digital reproduction, please contact the University of Idaho Library Special Collections and Archives Department at [libspec@uidaho.edu](mailto:libspec@uidaho.edu). The University of Idaho Library is not liable for any violations of the law by users.",http://rightsstatements.org/vocab/InC/1.0/,http://cdm17254.contentdm.oclc.org/cdm/ref/collection/hwhi/id/80,80,73.pdf,/hwhi/image/73.pdf
hwhi_2019_spring,Here We Have Idaho: Spring 2019,2019,Spring,201902,articles; alumni; climate change,"Articles: ""Alumni Vignettes""; ""Helping Communities Cope with Climate Change""; ""A Tactical Education""; ""Improving the Process of Business""; ""It's Cool to Be in the Band""; ""One Family, Four Generations of Vandals""; ""The CAMP Family Gives Back""; ""When Life has Other Plans""; ""Adventure in the Great Wide Somewhere""; ""Reviving the L-C Valley Wine Industry""; ""Alumni Relationships Get Better with Age""; ""The Vandal Volunteer""; ""Voices of Idaho: Don Shelton""",University of Idaho Communications & Marketing,University of Idaho,,Text,application/pdf,hwhi_2019_spring,"University Communications & Marketing, University of Idaho, https://www.uidaho.edu/news/here-we-have-idaho-magazine",https://www.lib.uidaho.edu/digital/hwhi/,Here We Have Idaho Archive,en,"Copyright University of Idaho. In copyright, educational use permitted. Educational use includes non-commercial reproduction of text and images in materials for teaching and research purposes. For other contexts beyond fair use, including digital reproduction, please contact the University of Idaho Library Special Collections and Archives Department at [libspec@uidaho.edu](mailto:libspec@uidaho.edu). The University of Idaho Library is not liable for any violations of the law by users.",http://rightsstatements.org/vocab/InC/1.0/,http://cdm17254.contentdm.oclc.org/cdm/ref/collection/hwhi/id/78,78,72.pdf,/hwhi/image/72.pdf
hwhi_2019_fall,Here We Have Idaho: Fall 2019,2019,Fall,201904,articles; alumni; criminology,"Articles: ""In Search of the Light""; ""From Burley to the Big Apple""; ""New Perspective Ignited a Passion for Giving Back""; ""A Job Jump Start""; ""A Boost to Study Aborad""; ""To Live for the Game'; ""Coming Home""; ""Taking Criminology Across the Pond""; ""Voices of idaho: Dan Davenport""; ""Our Vandal Promise Scholarship""; ""The Opportunity to Succeed Should Be Available to Everyone""; ""The Wildest Job""; ""Vandal Alumni Offer Homegrown Help for Southeastern Idaho Students""; ""For Love of Food""",University of Idaho Communications & Marketing,University of Idaho,,Text,application/pdf,hwhi_2019_fall,"University Communications & Marketing, University of Idaho, https://www.uidaho.edu/news/here-we-have-idaho-magazine",https://www.lib.uidaho.edu/digital/hwhi/,Here We Have Idaho Archive,en,"Copyright University of Idaho. In copyright, educational use permitted. Educational use includes non-commercial reproduction of text and images in materials for teaching and research purposes. For other contexts beyond fair use, including digital reproduction, please contact the University of Idaho Library Special Collections and Archives Department at [libspec@uidaho.edu](mailto:libspec@uidaho.edu). The University of Idaho Library is not liable for any violations of the law by users.",http://rightsstatements.org/vocab/InC/1.0/,http://cdm17254.contentdm.oclc.org/cdm/ref/collection/hwhi/id/82,82,65.pdf,/hwhi/image/65.pdf
hwhi_2020_spring,Here We Have Idaho: Spring 2020,2020,Spring,202002,articles; alumni; cattle,"Articles: ""From the President""; ""News Gems""; ""Telling Idaho's Story""; ""Voices of Idaho: Catie Freeman""; ""A Statewide Responsibility""; ""U of I In the News""; ""From Farm to Table the Idaho Way""; ""Cultural Expression""; ""Voices of Idaho: Samantha Storms""; ""A Swimming Recovery""; ""Cybersecurity and the Internet of Everything""; ""Taking Root""; ""Alumni""",University of Idaho Communications & Marketing,University of Idaho,,Text,application/pdf,hwhi_2020_spring,"University Communications & Marketing, University of Idaho, https://www.uidaho.edu/news/here-we-have-idaho-magazine",https://www.lib.uidaho.edu/digital/hwhi/,Here We Have Idaho Archive,en,"Copyright University of Idaho. In copyright, educational use permitted. Educational use includes non-commercial reproduction of text and images in materials for teaching and research purposes. For other contexts beyond fair use, including digital reproduction, please contact the University of Idaho Library Special Collections and Archives Department at [libspec@uidaho.edu](mailto:libspec@uidaho.edu). The University of Idaho Library is not liable for any violations of the law by users.",http://rightsstatements.org/vocab/InC/1.0/,http://cdm17254.contentdm.oclc.org/cdm/ref/collection/hwhi/id/58,58,64.pdf,/hwhi/image/64.pdf
hwhi_2020_fall,Here We Have Idaho: Fall 2020,2020,Fall,202004,articles; alumni; pandemic,"Articles: ""From the President""; ""News Gems""; ""Improving Plant and Soil Health""; ""Voices of idaho: Saraya Flaig""; ""It Takes a Village (And a Research University""; ""Pro Bono, Pro Idaho""; ""Echo Idaho's Statewide Impact""; ""Vandal Promise""; ""Inside Out in Idaho""; ""U of I in the News""; ""Alumni""; ""Sustaining our Water""; ""Experiences in'En Plein-Air'""",University of Idaho Communications & Marketing,University of Idaho,,Text,application/pdf,hwhi_2020_fall,"University Communications & Marketing, University of Idaho, https://www.uidaho.edu/news/here-we-have-idaho-magazine",https://www.lib.uidaho.edu/digital/hwhi/,Here We Have Idaho Archive,en,"Copyright University of Idaho. In copyright, educational use permitted. Educational use includes non-commercial reproduction of text and images in materials for teaching and research purposes. For other contexts beyond fair use, including digital reproduction, please contact the University of Idaho Library Special Collections and Archives Department at [libspec@uidaho.edu](mailto:libspec@uidaho.edu). The University of Idaho Library is not liable for any violations of the law by users.",http://rightsstatements.org/vocab/InC/1.0/,http://cdm17254.contentdm.oclc.org/cdm/ref/collection/hwhi/id/70,70,70.pdf,/hwhi/image/70.pdf
hwhi_2021_spring,Here We Have Idaho: Spring 2021,2021,Spring,202102,articles; alumni; extiniction,"Ariticles: ""From the President""; ""News Gems""; ""Storying Extinction""; ""In the News""; ""Voices of Idaho: Ruby Fischer""; ""Energy Independence Through Engineering Innovcation""; ""Savoring Idaho's Forgotten Fruits""; ""Bulding Partners""; ""Soil-Free Farming""; ""Student Stories""; ""Nature Vs. Nuture""; ""Alumni""; ""The Power of Partnerships""",University of Idaho Communications & Marketing,University of Idaho,,Text,application/pdf,hwhi_2021_spring,"University Communications & Marketing, University of Idaho, https://www.uidaho.edu/news/here-we-have-idaho-magazine",https://www.lib.uidaho.edu/digital/hwhi/,Here We Have Idaho Archive,en,"Copyright University of Idaho. In copyright, educational use permitted. Educational use includes non-commercial reproduction of text and images in materials for teaching and research purposes. For other contexts beyond fair use, including digital reproduction, please contact the University of Idaho Library Special Collections and Archives Department at [libspec@uidaho.edu](mailto:libspec@uidaho.edu). The University of Idaho Library is not liable for any violations of the law by users.",http://rightsstatements.org/vocab/InC/1.0/,http://cdm17254.contentdm.oclc.org/cdm/ref/collection/hwhi/id/95,95,96.pdf,/hwhi/image/96.pdf
hwhi_2022_spring,Here We Have Idaho: Spring 2022,2022,Spring,202202,articles; alumni; teenage suicide,"Articles""Brave. Bold.""; ""Excursions in Friendship""; ""Running It Out""; ""For the Love of Knowledge""; ""Access to the Future""; ""Rock Solid""; ""Talking About Teenage Suicide""; ""Meet Our Bots""; ""College Her Way""",University of Idaho Communications & Marketing,University of Idaho,,Text,application/pdf,hwhi_2022_spring,"University Communications & Marketing, University of Idaho, https://www.uidaho.edu/news/here-we-have-idaho-magazine",https://www.lib.uidaho.edu/digital/hwhi/,Here We Have Idaho Archive,en,"Copyright University of Idaho. In copyright, educational use permitted. Educational use includes non-commercial reproduction of text and images in materials for teaching and research purposes. For other contexts beyond fair use, including digital reproduction, please contact the University of Idaho Library Special Collections and Archives Department at [libspec@uidaho.edu](mailto:libspec@uidaho.edu). The University of Idaho Library is not liable for any violations of the law by users.",http://rightsstatements.org/vocab/InC/1.0/,http://cdm17254.contentdm.oclc.org/cdm/ref/collection/hwhi/id/94,94,95.pdf,/hwhi/image/95.pdf
hwhi_2022_fall,Here We Have Idaho: Fall 2022,2022,Fall,202204,articles; alumni; robotics,"Articles: ""Staving Off Evictions""; ""Thinking Small""; ""A Swimming Success""; ""Community, The Water Way""; ""The Leadership Pipeline""; ""Robotics and Life After Stroke""; ""Creating Value From Waste""; ""Smoky Hitchhikers""; ""Student Success Stories""",University of Idaho Communications & Marketing,University of Idaho,,Text,application/pdf,hwhi_2022_fall,"University Communications & Marketing, University of Idaho, https://www.uidaho.edu/news/here-we-have-idaho-magazine",https://www.lib.uidaho.edu/digital/hwhi/,Here We Have Idaho Archive,en,"Copyright University of Idaho. In copyright, educational use permitted. Educational use includes non-commercial reproduction of text and images in materials for teaching and research purposes. For other contexts beyond fair use, including digital reproduction, please contact the University of Idaho Library Special Collections and Archives Department at [libspec@uidaho.edu](mailto:libspec@uidaho.edu). The University of Idaho Library is not liable for any violations of the law by users.",http://rightsstatements.org/vocab/InC/1.0/,http://cdm17254.contentdm.oclc.org/cdm/ref/collection/hwhi/id/96,96,96.pdf,/hwhi/image/96.pdf