title,creator,date,date is approximate,description,subject,location,latitude,longitude,source,identifier,type,format original,format,rightsstatement
"Five unidentified men [01]","Iddings, John Edward","1927","","Portrait of five unidentified men.","","","","","MG 76, Edward John Iddings. Scrapbooks, 1904-1954, University of Idaho Library Special Collections and Archives","MG 76, Box 2, Slide 001","Image;StillImage","lantern slides, black-and-white transparencies","image/jpg","",,"http://localhost:4000/digital/iddings/items/spec_ji314.html"
"Group posing in front of a castle","Iddings, John Edward","1927","","A man and two women pose by the water with a castle in the background.","Castles;","","","","MG 76, Edward John Iddings. Scrapbooks, 1904-1954, University of Idaho Library Special Collections and Archives","MG 76, Box 2, Slide 002","Image;StillImage","lantern slides, black-and-white transparencies","image/jpg","",,"http://localhost:4000/digital/iddings/items/spec_ji315.html"
"Eiffel Tower","Iddings, John Edward","1927","","A photograph of the Eiffel Tower in Paris, France.","Eiffel Tower (Paris; France);","","","","MG 76, Edward John Iddings. Scrapbooks, 1904-1954, University of Idaho Library Special Collections and Archives","MG 76, Box 2, Slide 003","Image;StillImage","lantern slides, black-and-white transparencies","image/jpg","",,"http://localhost:4000/digital/iddings/items/spec_ji316.html"
"Five unidentified men [02]","Iddings, John Edward","1927","","A portrait of five unidentified men, standing in orde from tallest to shortest","","","","","MG 76, Edward John Iddings. Scrapbooks, 1904-1954, University of Idaho Library Special Collections and Archives","MG 76, Box 2, Slide 004","Image;StillImage","lantern slides, black-and-white transparencies","image/jpg","",,"http://localhost:4000/digital/iddings/items/spec_ji317.html"
"Bathing huts","Iddings, John Edward","1927","","Bathing huts are moved to and from the waters edge via carts on a beach. People can be seen along the left side of the image, looking at the water.","","","","","MG 76, Edward John Iddings. Scrapbooks, 1904-1954, University of Idaho Library Special Collections and Archives","MG 76, Box 2, Slide 005","Image;StillImage","lantern slides, black-and-white transparencies","image/jpg","",,"http://localhost:4000/digital/iddings/items/spec_ji318.html"
"Pont du Gard, France","Iddings, John Edward","1927","","Pont du Gard, France.","Pont du Gard (France); Aqueducts -- France;Roman aqueduct; aqueducts","","","","MG 76, Edward John Iddings. Scrapbooks, 1904-1954, University of Idaho Library Special Collections and Archives","MG 76, Box 2, Slide 006","Image;StillImage","lantern slides, black-and-white transparencies","image/jpg","",,"http://localhost:4000/digital/iddings/items/spec_ji319.html"
"Maud Iddings in a gondola","Iddings, John Edward","1927","","Maud Iddings sitting in a gondola with gondolier standing up behind her in Venice, Italy.","Venice (Italy); Gondolas;gondolas; transport; transportation","","","","MG 76, Edward John Iddings. Scrapbooks, 1904-1954, University of Idaho Library Special Collections and Archives","MG 76, Box 2, Slide 007","Image;StillImage","lantern slides, black-and-white transparencies","image/jpg","",,"http://localhost:4000/digital/iddings/items/spec_ji320.html"
"Dam","Iddings, John Edward","1927","","A dam or aqueduct structure in an unknown location.","Dams;aqueducts","","","","MG 76, Edward John Iddings. Scrapbooks, 1904-1954, University of Idaho Library Special Collections and Archives","MG 76, Box 2, Slide 008","Image;StillImage","lantern slides, black-and-white transparencies","image/jpg","",,"http://localhost:4000/digital/iddings/items/spec_ji321.html"
"Small private island","Iddings, John Edward","1927","","Small private island with building and vegetation.","Islands -- India;","","","","MG 76, Edward John Iddings. Scrapbooks, 1904-1954, University of Idaho Library Special Collections and Archives","MG 76, Box 2, Slide 013","Image;StillImage","lantern slides, black-and-white transparencies","image/jpg","",,"http://localhost:4000/digital/iddings/items/spec_ji322.html"
"Cruise ship","Iddings, John Edward","1927","","A large ocean liner at sea.","Cruise ships;transport; transportation","","","","MG 76, Edward John Iddings. Scrapbooks, 1904-1954, University of Idaho Library Special Collections and Archives","MG 76, Box 2, Slide 014","Image;StillImage","lantern slides, black-and-white transparencies","image/jpg","",,"http://localhost:4000/digital/iddings/items/spec_ji323.html"
"Boats at harbor","Iddings, John Edward","1927","","Boats tethered and moored in harbor.","India -- Pictorial works;boats; transport; transportation","","","","MG 76, Edward John Iddings. Scrapbooks, 1904-1954, University of Idaho Library Special Collections and Archives","MG 76, Box 2, Slide 015","Image;StillImage","lantern slides, black-and-white transparencies","image/jpg","",,"http://localhost:4000/digital/iddings/items/spec_ji324.html"
"Huddart Parker pier","Iddings, John Edward","1927","","Huddart Parker Ltr pier in an unknown location.","","","","","MG 76, Edward John Iddings. Scrapbooks, 1904-1954, University of Idaho Library Special Collections and Archives","MG 76, Box 2, Slide 016","Image;StillImage","lantern slides, black-and-white transparencies","image/jpg","",,"http://localhost:4000/digital/iddings/items/spec_ji325.html"
"Mont-Saint-Michel","Iddings, John Edward","1927","","Mont-Saint-Michel in Normandy, France.","Le Mont-Saint-Michel (France); Normandy (France);","","","","MG 76, Edward John Iddings. Scrapbooks, 1904-1954, University of Idaho Library Special Collections and Archives","MG 76, Box 2, Slide 009","Image;StillImage","lantern slides, black-and-white transparencies","image/jpg","",,"http://localhost:4000/digital/iddings/items/spec_ji326.html"
"Ganges River, India","Iddings, John Edward","1927","","Ganges River in India. People and boats can be seen in the busy thoroughfare.","Ganges River (India and Bangladesh); Rivers -- India;boats; transport; transportation","","","","MG 76, Edward John Iddings. Scrapbooks, 1904-1954, University of Idaho Library Special Collections and Archives","MG 76, Box 2, Slide 017","Image;StillImage","lantern slides, black-and-white transparencies","image/jpg","",,"http://localhost:4000/digital/iddings/items/spec_ji327.html"
"Men working in a body of water","Iddings, John Edward","1927","","Men working in a body of water, either for construction purposes or harvesting materials.","India -- Pictorial works;","","","","MG 76, Edward John Iddings. Scrapbooks, 1904-1954, University of Idaho Library Special Collections and Archives","MG 76, Box 2, Slide 018","Image;StillImage","lantern slides, black-and-white transparencies","image/jpg","",,"http://localhost:4000/digital/iddings/items/spec_ji328.html"
"Woman washing laundry in a public basin","Iddings, John Edward","1927","","A woman washing laundry in public basins with a fountain in the foreground.","","","","","MG 76, Edward John Iddings. Scrapbooks, 1904-1954, University of Idaho Library Special Collections and Archives","MG 76, Box 2, Slide 019","Image;StillImage","lantern slides, black-and-white transparencies","image/jpg","",,"http://localhost:4000/digital/iddings/items/spec_ji329.html"
"Men and cattle in front of a building","Iddings, John Edward","1927","","Northwest Livestock Association. Men and cattle in front of a building before entering to show cattle.","Livestock;","","","","MG 76, Edward John Iddings. Scrapbooks, 1904-1954, University of Idaho Library Special Collections and Archives","MG 76, Box 2, Slide 020","Image;StillImage","lantern slides, black-and-white transparencies","image/jpg","",,"http://localhost:4000/digital/iddings/items/spec_ji330.html"
"Water-wheel","Iddings, John Edward","1927","","A water-wheel in a ground level channel.","","","","","MG 76, Edward John Iddings. Scrapbooks, 1904-1954, University of Idaho Library Special Collections and Archives","MG 76, Box 2, Slide 021","Image;StillImage","lantern slides, black-and-white transparencies","image/jpg","",,"http://localhost:4000/digital/iddings/items/spec_ji331.html"
"Bullock cart [01]","Iddings, John Edward","1927","","Men and boys loading a bullock cart pulled by two oxen. (1 duplicate)","Oxen; Hay -- Handling; Livestock;transport; transportation","","","","MG 76, Edward John Iddings. Scrapbooks, 1904-1954, University of Idaho Library Special Collections and Archives","MG 76, Box 2, Slide 022","Image;StillImage","lantern slides, black-and-white transparencies","image/jpg","",,"http://localhost:4000/digital/iddings/items/spec_ji332.html"
"Bullock cart [02]","Iddings, John Edward","1927","","Men and boys posing by a bullock cart pulled by two oxen.","Oxen; Hay -- Handling; Livestock;transport; transportation","","","","MG 76, Edward John Iddings. Scrapbooks, 1904-1954, University of Idaho Library Special Collections and Archives","MG 76, Box 2, Slide 023","Image;StillImage","lantern slides, black-and-white transparencies","image/jpg","",,"http://localhost:4000/digital/iddings/items/spec_ji333.html"
"Bullock cart [03]","Iddings, John Edward","1927","","Bullock cart pulled by an ox","Ox; Livestock;transport; transportation","","","","MG 76, Edward John Iddings. Scrapbooks, 1904-1954, University of Idaho Library Special Collections and Archives","MG 76, Box 2, Slide 024","Image;StillImage","lantern slides, black-and-white transparencies","image/jpg","",,"http://localhost:4000/digital/iddings/items/spec_ji334.html"
"Canterbury Agricultural College, New Zealand","Iddings, John Edward","1927","","Canterbury Agricultural College in New Zealand","Lincoln (N.Z.);","","","","MG 76, Edward John Iddings. Scrapbooks, 1904-1954, University of Idaho Library Special Collections and Archives","MG 76, Box 2, Slide 025","Image;StillImage","lantern slides, black-and-white transparencies","image/jpg","",,"http://localhost:4000/digital/iddings/items/spec_ji335.html"
"Man and woman in front of criosphinxes","Iddings, John Edward","1927","","A man and two women posing in front of the criosphinxes (ram-headed) that represent the god Amon, which leads to the entrance to the Karnak Temple. Luxor, Egypt","Egypt -- Antiquities; Temples -- Egypt; Luxor (Egypt);","","","","MG 76, Edward John Iddings. Scrapbooks, 1904-1954, University of Idaho Library Special Collections and Archives","MG 76, Box 2, Slide 010","Image;StillImage","lantern slides, black-and-white transparencies","image/jpg","",,"http://localhost:4000/digital/iddings/items/spec_ji336.html"
"Experimental Institute for Livestock in Rome, Italy","Iddings, John Edward","1927","","Istituto Sperimentale Zootecnica di Roma. Italy (Experimental Institute for Livestock in Rome, Italy.)","Rome (Italy);","","","","MG 76, Edward John Iddings. Scrapbooks, 1904-1954, University of Idaho Library Special Collections and Archives","MG 76, Box 2, Slide 026","Image;StillImage","lantern slides, black-and-white transparencies","image/jpg","",,"http://localhost:4000/digital/iddings/items/spec_ji337.html"
"Maud Iddings at a hot springs","Iddings, John Edward","1927","","Maud Iddings with unidentified woman at a hot springs.","","","","","MG 76, Edward John Iddings. Scrapbooks, 1904-1954, University of Idaho Library Special Collections and Archives","MG 76, Box 2, Slide 027","Image;StillImage","lantern slides, black-and-white transparencies","image/jpg","",,"http://localhost:4000/digital/iddings/items/spec_ji338.html"
"Maud Iddings outside a ceremonial building","Iddings, John Edward","1927","","Maud Iddings with unidentified woman outside a small ceremonial building, the external walls of which are exquisitely decorated. [Bath house?]","","","","","MG 76, Edward John Iddings. Scrapbooks, 1904-1954, University of Idaho Library Special Collections and Archives","MG 76, Box 2, Slide 028","Image;StillImage","lantern slides, black-and-white transparencies","image/jpg","",,"http://localhost:4000/digital/iddings/items/spec_ji339.html"
"Mountains, boats, and buildings with a body of water in the foreground","Iddings, John Edward","1927","","Mountains, boats, and buildings from an unknown location with a body of water in the foreground.","","","","","MG 76, Edward John Iddings. Scrapbooks, 1904-1954, University of Idaho Library Special Collections and Archives","MG 76, Box 2, Slide 029","Image;StillImage","lantern slides, black-and-white transparencies","image/jpg","",,"http://localhost:4000/digital/iddings/items/spec_ji340.html"
"House with water tank","Iddings, John Edward","1927","","House with water tank at the back. A wire fence surrounds the building.","Dwellings;","","","","MG 76, Edward John Iddings. Scrapbooks, 1904-1954, University of Idaho Library Special Collections and Archives","MG 76, Box 2, Slide 030","Image;StillImage","lantern slides, black-and-white transparencies","image/jpg","",,"http://localhost:4000/digital/iddings/items/spec_ji341.html"
"Two cars in front of a building","Iddings, John Edward","1927","","Two cars are parked in front of a building; a brick structure consisting of two joined cylinders stands in the back.",";transport; transportation","","","","MG 76, Edward John Iddings. Scrapbooks, 1904-1954, University of Idaho Library Special Collections and Archives","MG 76, Box 2, Slide 031","Image;StillImage","lantern slides, black-and-white transparencies","image/jpg","",,"http://localhost:4000/digital/iddings/items/spec_ji342.html"
"Bullock cart [04]","Iddings, John Edward","1927","","Bullock cart pulled by an ox, in front of a drapery store. A sign on the cart reads: W. R. Perera","Ox; Livestock;transport; transportation","","","","MG 76, Edward John Iddings. Scrapbooks, 1904-1954, University of Idaho Library Special Collections and Archives","MG 76, Box 2, Slide 032","Image;StillImage","lantern slides, black-and-white transparencies","image/jpg","",,"http://localhost:4000/digital/iddings/items/spec_ji343.html"
"Street parade in Belgium","Iddings, John Edward","1927","","Street parade with a group of persons carrying Rotary International logo in Belgium.","","","","","MG 76, Edward John Iddings. Scrapbooks, 1904-1954, University of Idaho Library Special Collections and Archives","MG 76, Box 2, Slide 033","Image;StillImage","lantern slides, black-and-white transparencies","image/jpg","",,"http://localhost:4000/digital/iddings/items/spec_ji344.html"
"Boats in a harbor","Iddings, John Edward","1927","","Boats in a harbor",";transport; transportation","","","","MG 76, Edward John Iddings. Scrapbooks, 1904-1954, University of Idaho Library Special Collections and Archives","MG 76, Box 2, Slide 034","Image;StillImage","lantern slides, black-and-white transparencies","image/jpg","",,"http://localhost:4000/digital/iddings/items/spec_ji345.html"
"Two women and a man in front of tombs","Iddings, John Edward","1927","","Two women and a man standing at the entrance of what appears to be a tomb in the style of the pyramids.","Tombs -- Egypt; Great Pyramid (Egypt);","","","","MG 76, Edward John Iddings. Scrapbooks, 1904-1954, University of Idaho Library Special Collections and Archives","MG 76, Box 2, Slide 011","Image;StillImage","lantern slides, black-and-white transparencies","image/jpg","",,"http://localhost:4000/digital/iddings/items/spec_ji346.html"
"Group of people in front of a building","Iddings, John Edward","1927","","Group of men, women, children, and a dog posing outside a residential building. No individuals able to be identified.","","","","","MG 76, Edward John Iddings. Scrapbooks, 1904-1954, University of Idaho Library Special Collections and Archives","MG 76, Box 2, Slide 012","Image;StillImage","lantern slides, black-and-white transparencies","image/jpg","",,"http://localhost:4000/digital/iddings/items/spec_ji347.html"
"Street parade","Iddings, John Edward","1927","","Women follow behind a group of individuals carrying feather topped poles.","","","","","MG 76, Edward John Iddings. Scrapbooks, 1904-1954, University of Idaho Library Special Collections and Archives","MG 76, Box 2, Slide 035","Image;StillImage","lantern slides, black-and-white transparencies","image/jpg","",,"http://localhost:4000/digital/iddings/items/spec_ji348.html"
"Stable","Iddings, John Edward","1927","","A building. Inscription in Italian above one of the doors reads: Stalla [stable]","","","","","MG 76, Edward John Iddings. Scrapbooks, 1904-1954, University of Idaho Library Special Collections and Archives","MG 76, Box 2, Slide 040","Image;StillImage","lantern slides, black-and-white transparencies","image/jpg","",,"http://localhost:4000/digital/iddings/items/spec_ji349.html"
"Men carrying heavy containers","Iddings, John Edward","1927","","Three men leaning on sticks carrying loaded bags on their shoulders. Behind them what appears to be a man unloading a donkey. (1 duplicate)",";transport; transportation","","","","MG 76, Edward John Iddings. Scrapbooks, 1904-1954, University of Idaho Library Special Collections and Archives","MG 76, Box 2, Slide 041","Image;StillImage","lantern slides, black-and-white transparencies","image/jpg","",,"http://localhost:4000/digital/iddings/items/spec_ji350.html"
"Facade of a building [01]","Iddings, John Edward","1927","","Facade of a building in Italy.","","","","","MG 76, Edward John Iddings. Scrapbooks, 1904-1954, University of Idaho Library Special Collections and Archives","MG 76, Box 2, Slide 042","Image;StillImage","lantern slides, black-and-white transparencies","image/jpg","",,"http://localhost:4000/digital/iddings/items/spec_ji351.html"
"Plants in pots","Iddings, John Edward","1927","","People looking at pots of plants and flowers arranged on the ground on a street","","","","","MG 76, Edward John Iddings. Scrapbooks, 1904-1954, University of Idaho Library Special Collections and Archives","MG 76, Box 2, Slide 043","Image;StillImage","lantern slides, black-and-white transparencies","image/jpg","",,"http://localhost:4000/digital/iddings/items/spec_ji352.html"
"Panoramic view of a city","Iddings, John Edward","1927","","Panoramic view of a city","","","","","MG 76, Edward John Iddings. Scrapbooks, 1904-1954, University of Idaho Library Special Collections and Archives","MG 76, Box 2, Slide 044","Image;StillImage","lantern slides, black-and-white transparencies","image/jpg","",,"http://localhost:4000/digital/iddings/items/spec_ji353.html"
"Maud Iddings in front of a cathedral","Iddings, John Edward","1927","","Maud Iddings poses in front of a cathedral in an unknown location.","","","","","MG 76, Edward John Iddings. Scrapbooks, 1904-1954, University of Idaho Library Special Collections and Archives","MG 76, Box 2, Slide 045","Image;StillImage","lantern slides, black-and-white transparencies","image/jpg","",,"http://localhost:4000/digital/iddings/items/spec_ji354.html"
"Men judging a pig","Iddings, John Edward","1927","","Men observing a pig, likely for purchasing consideration. (1 duplicate)","Livestock;","","","","MG 76, Edward John Iddings. Scrapbooks, 1904-1954, University of Idaho Library Special Collections and Archives","MG 76, Box 2, Slide 036","Image;StillImage","lantern slides, black-and-white transparencies","image/jpg","",,"http://localhost:4000/digital/iddings/items/spec_ji355.html"
"Facade of a building [02]","Iddings, John Edward","1927","","Facade of a building in the distance in an unknown location. Two men are seen in the foreground.","","","","","MG 76, Edward John Iddings. Scrapbooks, 1904-1954, University of Idaho Library Special Collections and Archives","MG 76, Box 2, Slide 046","Image;StillImage","lantern slides, black-and-white transparencies","image/jpg","",,"http://localhost:4000/digital/iddings/items/spec_ji356.html"
"Bullock cart [05]","Iddings, John Edward","1927","","A loaded bullock cart pulled by three oxen, with driver","Oxen; Livestock;","","","","MG 76, Edward John Iddings. Scrapbooks, 1904-1954, University of Idaho Library Special Collections and Archives","MG 76, Box 2, Slide 047","Image;StillImage","lantern slides, black-and-white transparencies","image/jpg","",,"http://localhost:4000/digital/iddings/items/spec_ji357.html"
"Passengers looking at a cow","Iddings, John Edward","1927","","Passengers in a train looking at a cow through the windows of a passenger train.","Passenger trains; Cows; Livestock;","","","","MG 76, Edward John Iddings. Scrapbooks, 1904-1954, University of Idaho Library Special Collections and Archives","MG 76, Box 2, Slide 048","Image;StillImage","lantern slides, black-and-white transparencies","image/jpg","",,"http://localhost:4000/digital/iddings/items/spec_ji358.html"
"Dock","Iddings, John Edward","1927","","A dock without ships or boats moored.","","","","","MG 76, Edward John Iddings. Scrapbooks, 1904-1954, University of Idaho Library Special Collections and Archives","MG 76, Box 2, Slide 049","Image;StillImage","lantern slides, black-and-white transparencies","image/jpg","",,"http://localhost:4000/digital/iddings/items/spec_ji359.html"
"Woman and a girl carrying baskets","Iddings, John Edward","1927","","A woman and a girl carrying baskets on their heads. An iron gate can be seen in the background.","","","","","MG 76, Edward John Iddings. Scrapbooks, 1904-1954, University of Idaho Library Special Collections and Archives","MG 76, Box 2, Slide 050","Image;StillImage","lantern slides, black-and-white transparencies","image/jpg","",,"http://localhost:4000/digital/iddings/items/spec_ji360.html"
"Two goats on a rock","Iddings, John Edward","1927","","Two goats on a steep rock.","Goats;goats","","","","MG 76, Edward John Iddings. Scrapbooks, 1904-1954, University of Idaho Library Special Collections and Archives","MG 76, Box 2, Slide 051","Image;StillImage","lantern slides, black-and-white transparencies","image/jpg","",,"http://localhost:4000/digital/iddings/items/spec_ji361.html"
"Straw houses","Iddings, John Edward","1927","","Straw houses, huts in an unknown location.","Dwellings;dwelling","","","","MG 76, Edward John Iddings. Scrapbooks, 1904-1954, University of Idaho Library Special Collections and Archives","MG 76, Box 2, Slide 052","Image;StillImage","lantern slides, black-and-white transparencies","image/jpg","",,"http://localhost:4000/digital/iddings/items/spec_ji362.html"
"Straw-thatched houses","Iddings, John Edward","1927","","Straw-thatched houses, huts in an unknown location.","Dwellings;dwelling","","","","MG 76, Edward John Iddings. Scrapbooks, 1904-1954, University of Idaho Library Special Collections and Archives","MG 76, Box 2, Slide 053","Image;StillImage","lantern slides, black-and-white transparencies","image/jpg","",,"http://localhost:4000/digital/iddings/items/spec_ji363.html"
"Women working on a shore","Iddings, John Edward","1927","","Women working on a shore, with bundles of an unidentified plant material near the water.","","","","","MG 76, Edward John Iddings. Scrapbooks, 1904-1954, University of Idaho Library Special Collections and Archives","MG 76, Box 2, Slide 054","Image;StillImage","lantern slides, black-and-white transparencies","image/jpg","",,"http://localhost:4000/digital/iddings/items/spec_ji364.html"
"People and cars in front of a building","Iddings, John Edward","1927","","People and cars gathered in front of a building in an unknown location.","","","","","MG 76, Edward John Iddings. Scrapbooks, 1904-1954, University of Idaho Library Special Collections and Archives","MG 76, Box 2, Slide 037","Image;StillImage","lantern slides, black-and-white transparencies","image/jpg","",,"http://localhost:4000/digital/iddings/items/spec_ji365.html"
"View of a rural scene","Iddings, John Edward","1927","","A distance view of a rural scene, with men working in fields.","","","","","MG 76, Edward John Iddings. Scrapbooks, 1904-1954, University of Idaho Library Special Collections and Archives","MG 76, Box 2, Slide 055","Image;StillImage","lantern slides, black-and-white transparencies","image/jpg","",,"http://localhost:4000/digital/iddings/items/spec_ji366.html"
"Farm building with no roof","Iddings, John Edward","1927","","A farm building either under construction or after having the roof removed.","","","","","MG 76, Edward John Iddings. Scrapbooks, 1904-1954, University of Idaho Library Special Collections and Archives","MG 76, Box 2, Slide 056","Image;StillImage","lantern slides, black-and-white transparencies","image/jpg","",,"http://localhost:4000/digital/iddings/items/spec_ji367.html"
"Farm building","Iddings, John Edward","1927","","A farm building, built using logs and shake shingles.","","","","","MG 76, Edward John Iddings. Scrapbooks, 1904-1954, University of Idaho Library Special Collections and Archives","MG 76, Box 2, Slide 057","Image;StillImage","lantern slides, black-and-white transparencies","image/jpg","",,"http://localhost:4000/digital/iddings/items/spec_ji368.html"
"Boat being pulled through a canal","Iddings, John Edward","1927","","A boat with a passenger on board is pulled through a canal by a man walking along the shore","","","","","MG 76, Edward John Iddings. Scrapbooks, 1904-1954, University of Idaho Library Special Collections and Archives","MG 76, Box 2, Slide 058","Image;StillImage","lantern slides, black-and-white transparencies","image/jpg","",,"http://localhost:4000/digital/iddings/items/spec_ji369.html"
"Maud Iddings on a shore","Iddings, John Edward","1927","","Maud Iddings poses on a shore, alongside other persons and a four wheeled carriage pulled by horses.","","","","","MG 76, Edward John Iddings. Scrapbooks, 1904-1954, University of Idaho Library Special Collections and Archives","MG 76, Box 2, Slide 059","Image;StillImage","lantern slides, black-and-white transparencies","image/jpg","",,"http://localhost:4000/digital/iddings/items/spec_ji370.html"
"Building with a garden","Iddings, John Edward","1927","","A building with a landscaped garden in the foreground.","","","","","MG 76, Edward John Iddings. Scrapbooks, 1904-1954, University of Idaho Library Special Collections and Archives","MG 76, Box 2, Slide 060","Image;StillImage","lantern slides, black-and-white transparencies","image/jpg","",,"http://localhost:4000/digital/iddings/items/spec_ji371.html"
"Building [01]","Iddings, John Edward","1927","","A sideview of an unidentified building entrance.","","","","","MG 76, Edward John Iddings. Scrapbooks, 1904-1954, University of Idaho Library Special Collections and Archives","MG 76, Box 2, Slide 061","Image;StillImage","lantern slides, black-and-white transparencies","image/jpg","",,"http://localhost:4000/digital/iddings/items/spec_ji372.html"
"Building [02]","Iddings, John Edward","1927","","A building in the distance on the crest of a hill.","","","","","MG 76, Edward John Iddings. Scrapbooks, 1904-1954, University of Idaho Library Special Collections and Archives","MG 76, Box 2, Slide 062","Image;StillImage","lantern slides, black-and-white transparencies","image/jpg","",,"http://localhost:4000/digital/iddings/items/spec_ji373.html"
"Maude and E.J. Iddings in front of a church","Iddings, John Edward","1927","","Maude and E. J. Iddings posing in front of an old church building.","","","","","MG 76, Edward John Iddings. Scrapbooks, 1904-1954, University of Idaho Library Special Collections and Archives","MG 76, Box 2, Slide 038","Image;StillImage","lantern slides, black-and-white transparencies","image/jpg","",,"http://localhost:4000/digital/iddings/items/spec_ji374.html"
"Two wheeled low trunk carriage in front of hostel","Iddings, John Edward","1927","","Two-wheeled low trunk carriage parked in front of a hostel. A sign in French on the door of the building advertises rooms for rent. Two girls and a dog are seen on the street.",";transport; transportation","","","","MG 76, Edward John Iddings. Scrapbooks, 1904-1954, University of Idaho Library Special Collections and Archives","MG 76, Box 2, Slide 039","Image;StillImage","lantern slides, black-and-white transparencies","image/jpg","",,"http://localhost:4000/digital/iddings/items/spec_ji375.html"
"Sheep pasture [01]","Iddings, John Edward","1927","","Sheep grazing in a pasture.","Sheep; Livestock;","","","","MG 76, Edward John Iddings. Scrapbooks, 1904-1954, University of Idaho Library Special Collections and Archives","MG 76, Box 2, Slide 067","Image;StillImage","lantern slides, black-and-white transparencies","image/jpg","",,"http://localhost:4000/digital/iddings/items/spec_ji376.html"
"Sheep pasture [02]","Iddings, John Edward","1927","","Sheep grazing in a pasture; the edge of the fenced field is visible in the background.","Sheep; Livestock;","","","","MG 76, Edward John Iddings. Scrapbooks, 1904-1954, University of Idaho Library Special Collections and Archives","MG 76, Box 2, Slide 068","Image;StillImage","lantern slides, black-and-white transparencies","image/jpg","",,"http://localhost:4000/digital/iddings/items/spec_ji377.html"
"Sheep judging","Iddings, John Edward","1927","","Participants and animals lining up for a sheep showing event.","Sheep; Livestock;","","","","MG 76, Edward John Iddings. Scrapbooks, 1904-1954, University of Idaho Library Special Collections and Archives","MG 76, Box 2, Slide 069","Image;StillImage","lantern slides, black-and-white transparencies","image/jpg","",,"http://localhost:4000/digital/iddings/items/spec_ji378.html"
"Sheep in a corral [01]","Iddings, John Edward","1927","","Sheep in a corral prior to being shorn.","Sheep; Livestock;","","","","MG 76, Edward John Iddings. Scrapbooks, 1904-1954, University of Idaho Library Special Collections and Archives","MG 76, Box 2, Slide 070","Image;StillImage","lantern slides, black-and-white transparencies","image/jpg","",,"http://localhost:4000/digital/iddings/items/spec_ji379.html"
"Boar","Iddings, John Edward","1927","","A boar grazes in a field.","","","","","MG 76, Edward John Iddings. Scrapbooks, 1904-1954, University of Idaho Library Special Collections and Archives","MG 76, Box 2, Slide 071","Image;StillImage","lantern slides, black-and-white transparencies","image/jpg","",,"http://localhost:4000/digital/iddings/items/spec_ji380.html"
"Rowett Institute","Iddings, John Edward","1927","","The Rowett Institute in Aberdeen, Scotland.","Aberdeen (Scotland);","","","","MG 76, Edward John Iddings. Scrapbooks, 1904-1954, University of Idaho Library Special Collections and Archives","MG 76, Box 2, Slide 072","Image;StillImage","lantern slides, black-and-white transparencies","image/jpg","",,"http://localhost:4000/digital/iddings/items/spec_ji381.html"
"Cattle","Iddings, John Edward","1927","","An image of a beef cow at the University of Idaho farms.","Cows; Livestock;","","","","MG 76, Edward John Iddings. Scrapbooks, 1904-1954, University of Idaho Library Special Collections and Archives","MG 76, Box 2, Slide 063","Image;StillImage","lantern slides, black-and-white transparencies","image/jpg","",,"http://localhost:4000/digital/iddings/items/spec_ji382.html"
"E.J. Iddings among vegetation","Iddings, John Edward","1927","","E. J. Iddings among vegetation.","","","","","MG 76, Edward John Iddings. Scrapbooks, 1904-1954, University of Idaho Library Special Collections and Archives","MG 76, Box 2, Slide 073","Image;StillImage","lantern slides, black-and-white transparencies","image/jpg","",,"http://localhost:4000/digital/iddings/items/spec_ji383.html"
"Two wheeled carriage pulled by horse","Iddings, John Edward","1927","","Two-wheeled carriage with a calash top pulled by a horse, in front of a building in an unknown location.","Horses;","","","","MG 76, Edward John Iddings. Scrapbooks, 1904-1954, University of Idaho Library Special Collections and Archives","MG 76, Box 2, Slide 074","Image;StillImage","lantern slides, black-and-white transparencies","image/jpg","",,"http://localhost:4000/digital/iddings/items/spec_ji384.html"
"Ten women dressed in white","Iddings, John Edward","1927","","Ten women dressed in white stand on the side of a bus, with passengers looking through the windows.","","","","","MG 76, Edward John Iddings. Scrapbooks, 1904-1954, University of Idaho Library Special Collections and Archives","MG 76, Box 2, Slide 075","Image;StillImage","lantern slides, black-and-white transparencies","image/jpg","",,"http://localhost:4000/digital/iddings/items/spec_ji385.html"
"Carriage pulled by a horse [01]","Iddings, John Edward","1927","","Two-wheeled carriage pulled by a horse, with driver.","Horses;transport; transportation","","","","MG 76, Edward John Iddings. Scrapbooks, 1904-1954, University of Idaho Library Special Collections and Archives","MG 76, Box 2, Slide 076","Image;StillImage","lantern slides, black-and-white transparencies","image/jpg","",,"http://localhost:4000/digital/iddings/items/spec_ji386.html"
"Ruins of an amphitheater","Iddings, John Edward","1927","","Ruins of an amphitheater in an unknown location.","","","","","MG 76, Edward John Iddings. Scrapbooks, 1904-1954, University of Idaho Library Special Collections and Archives","MG 76, Box 2, Slide 077","Image;StillImage","lantern slides, black-and-white transparencies","image/jpg","",,"http://localhost:4000/digital/iddings/items/spec_ji387.html"
"Carriage pulled by a horse [02]","Iddings, John Edward","1927","","A man embarking in a four-wheeled carriage pulled by horses, followed by other similar carriages, near a shore.","Horses;transport; transportation","","","","MG 76, Edward John Iddings. Scrapbooks, 1904-1954, University of Idaho Library Special Collections and Archives","MG 76, Box 2, Slide 078","Image;StillImage","lantern slides, black-and-white transparencies","image/jpg","",,"http://localhost:4000/digital/iddings/items/spec_ji388.html"
"U.S. military graves","Iddings, John Edward","1927","","U.S. military graves in an unknown location.",";cemetery","","","","MG 76, Edward John Iddings. Scrapbooks, 1904-1954, University of Idaho Library Special Collections and Archives","MG 76, Box 2, Slide 079","Image;StillImage","lantern slides, black-and-white transparencies","image/jpg","",,"http://localhost:4000/digital/iddings/items/spec_ji389.html"
"Kursaal with the Rotary International logo on facade","Iddings, John Edward","1927","","The Kursaal with the Rotary International logo on facade in Ostend, Belgium","Ostend (Belgium);buildings","","","","MG 76, Edward John Iddings. Scrapbooks, 1904-1954, University of Idaho Library Special Collections and Archives","MG 76, Box 2, Slide 080","Image;StillImage","lantern slides, black-and-white transparencies","image/jpg","",,"http://localhost:4000/digital/iddings/items/spec_ji390.html"
"Shepherd observing a flock [01]","Iddings, John Edward","1927","","A shepherd mounted on a horse tends to a flock of sheep.","Shepherds; Sheep; Horses; Livestock;","","","","MG 76, Edward John Iddings. Scrapbooks, 1904-1954, University of Idaho Library Special Collections and Archives","MG 76, Box 2, Slide 081","Image;StillImage","lantern slides, black-and-white transparencies","image/jpg","",,"http://localhost:4000/digital/iddings/items/spec_ji391.html"
"Shepherd observing a flock [02]","Iddings, John Edward","1927","","A shepherd observes a flock of sheep drinking water out of stream, while a horse grazes nearby.","Shepherds; Sheep; Horses; Livestock;","","","","MG 76, Edward John Iddings. Scrapbooks, 1904-1954, University of Idaho Library Special Collections and Archives","MG 76, Box 2, Slide 064","Image;StillImage","lantern slides, black-and-white transparencies","image/jpg","",,"http://localhost:4000/digital/iddings/items/spec_ji392.html"
"Flock of sheep on a road","Iddings, John Edward","1927","","A flock of sheep on a road in an unknown location.","Sheep; Livestock;","","","","MG 76, Edward John Iddings. Scrapbooks, 1904-1954, University of Idaho Library Special Collections and Archives","MG 76, Box 2, Slide 082","Image;StillImage","lantern slides, black-and-white transparencies","image/jpg","",,"http://localhost:4000/digital/iddings/items/spec_ji393.html"
"Sheep in a corral [02]","Iddings, John Edward","1927","","Sheep in a corral prior to sheering and after.","Sheep; Livestock;","","","","MG 76, Edward John Iddings. Scrapbooks, 1904-1954, University of Idaho Library Special Collections and Archives","MG 76, Box 2, Slide 083","Image;StillImage","lantern slides, black-and-white transparencies","image/jpg","",,"http://localhost:4000/digital/iddings/items/spec_ji394.html"
"Flock of sheep grazing","Iddings, John Edward","1927","","Flock of sheep grazing in an open pasture.","Sheep; Livestock;","","","","MG 76, Edward John Iddings. Scrapbooks, 1904-1954, University of Idaho Library Special Collections and Archives","MG 76, Box 2, Slide 084","Image;StillImage","lantern slides, black-and-white transparencies","image/jpg","",,"http://localhost:4000/digital/iddings/items/spec_ji395.html"
"Maud Iddings with two children","Iddings, John Edward","1927","","Maud Iddings poses with two children alongside several persons wearing traditional costume. [Netherlands?]",";wooden shoes","","","","MG 76, Edward John Iddings. Scrapbooks, 1904-1954, University of Idaho Library Special Collections and Archives","MG 76, Box 2, Slide 085","Image;StillImage","lantern slides, black-and-white transparencies","image/jpg","",,"http://localhost:4000/digital/iddings/items/spec_ji396.html"
"Village scene with thatched huts","Iddings, John Edward","1927","","A village scene. Women and children walk a road with thatched-roof huts and cows in the background.","","","","","MG 76, Edward John Iddings. Scrapbooks, 1904-1954, University of Idaho Library Special Collections and Archives","MG 76, Box 3, Slide 086","Image;StillImage","lantern slides, black-and-white transparencies","image/jpg","",,"http://localhost:4000/digital/iddings/items/spec_ji397.html"
"Street scene with people and cows","Iddings, John Edward","1927","","A street scene with people and cows. Seen in the foreground is a small British flag.","Cows; Livestock;","","","","MG 76, Edward John Iddings. Scrapbooks, 1904-1954, University of Idaho Library Special Collections and Archives","MG 76, Box 3, Slide 087","Image;StillImage","lantern slides, black-and-white transparencies","image/jpg","",,"http://localhost:4000/digital/iddings/items/spec_ji398.html"
"Facade of a building [03]","Iddings, John Edward","1927","","Facade of a building with persons sitting on benches outside, possibly in Paris, France.","","","","","MG 76, Edward John Iddings. Scrapbooks, 1904-1954, University of Idaho Library Special Collections and Archives","MG 76, Box 3, Slide 088","Image;StillImage","lantern slides, black-and-white transparencies","image/jpg","",,"http://localhost:4000/digital/iddings/items/spec_ji399.html"
"Merino sheep at a show","Iddings, John Edward","1927","","Two men holding open the wool of a merino sheep to show the interior of the coat.","Sheep; Livestock;","","","","MG 76, Edward John Iddings. Scrapbooks, 1904-1954, University of Idaho Library Special Collections and Archives","MG 76, Box 2, Slide 065","Image;StillImage","lantern slides, black-and-white transparencies","image/jpg","",,"http://localhost:4000/digital/iddings/items/spec_ji400.html"
"Rambouillet ram","Iddings, John Edward","1927","","Rambouillet ram","Livestock;","","","","MG 76, Edward John Iddings. Scrapbooks, 1904-1954, University of Idaho Library Special Collections and Archives","MG 76, Box 2, Slide 066","Image;StillImage","lantern slides, black-and-white transparencies","image/jpg","",,"http://localhost:4000/digital/iddings/items/spec_ji401.html"
"Woman and a man in front of a house","Iddings, John Edward","1927","","A woman and a man in front of a house with terracotta tile shingles on the roof. A child can be seen looking out a window on the far right of the image.","","","","","MG 76, Edward John Iddings. Scrapbooks, 1904-1954, University of Idaho Library Special Collections and Archives","MG 76, Box 3, Slide 092","Image;StillImage","lantern slides, black-and-white transparencies","image/jpg","",,"http://localhost:4000/digital/iddings/items/spec_ji402.html"
"Colonnade of a building","Iddings, John Edward","1927","","Colonnade of a building with two carriages pulled by horses, in front.","Horses;","","","","MG 76, Edward John Iddings. Scrapbooks, 1904-1954, University of Idaho Library Special Collections and Archives","MG 76, Box 3, Slide 093","Image;StillImage","lantern slides, black-and-white transparencies","image/jpg","",,"http://localhost:4000/digital/iddings/items/spec_ji403.html"
"Dog cart","Iddings, John Edward","1927","","A dog cart, with the front half of the dog not pictured. The man holding the dog is wearing wooden shoes.","","","","","MG 76, Edward John Iddings. Scrapbooks, 1904-1954, University of Idaho Library Special Collections and Archives","MG 76, Box 3, Slide 094","Image;StillImage","lantern slides, black-and-white transparencies","image/jpg","",,"http://localhost:4000/digital/iddings/items/spec_ji404.html"
"Woman standing by a river","Iddings, John Edward","1927","","A woman standing by a river alongside a basket filled with clothes on the ground.","","","","","MG 76, Edward John Iddings. Scrapbooks, 1904-1954, University of Idaho Library Special Collections and Archives","MG 76, Box 3, Slide 095","Image;StillImage","lantern slides, black-and-white transparencies","image/jpg","",,"http://localhost:4000/digital/iddings/items/spec_ji405.html"
"Heavily loaded carriage","Iddings, John Edward","1927","","Two men posing by a heavily loaded two-wheeled carriage, pulled by five horses.","Horses;","","","","MG 76, Edward John Iddings. Scrapbooks, 1904-1954, University of Idaho Library Special Collections and Archives","MG 76, Box 3, Slide 096","Image;StillImage","lantern slides, black-and-white transparencies","image/jpg","",,"http://localhost:4000/digital/iddings/items/spec_ji406.html"
"Two wheeled cart and buggy","Iddings, John Edward","1927","","A single horse pulls a loaded two-wheeled cart next to a donkey pulling a two-wheeled buggy with a driver in the bench seat.","","","","","MG 76, Edward John Iddings. Scrapbooks, 1904-1954, University of Idaho Library Special Collections and Archives","MG 76, Box 3, Slide 097","Image;StillImage","lantern slides, black-and-white transparencies","image/jpg","",,"http://localhost:4000/digital/iddings/items/spec_ji407.html"
"Building [03]","Iddings, John Edward","1927","","A stone building with a cobblestone pavilion in the foreground.","","","","","MG 76, Edward John Iddings. Scrapbooks, 1904-1954, University of Idaho Library Special Collections and Archives","MG 76, Box 3, Slide 089","Image;StillImage","lantern slides, black-and-white transparencies","image/jpg","",,"http://localhost:4000/digital/iddings/items/spec_ji408.html"
"Men judging a horse","Iddings, John Edward","1927","","Men judging a horse, likely for breeding consideration.","Horses;","","","","MG 76, Edward John Iddings. Scrapbooks, 1904-1954, University of Idaho Library Special Collections and Archives","MG 76, Box 3, Slide 098","Image;StillImage","lantern slides, black-and-white transparencies","image/jpg","",,"http://localhost:4000/digital/iddings/items/spec_ji409.html"
"Men holding luggage","Iddings, John Edward","1927","","An unidentified man poses alongside another man holding luggage.","","","","","MG 76, Edward John Iddings. Scrapbooks, 1904-1954, University of Idaho Library Special Collections and Archives","MG 76, Box 3, Slide 099","Image;StillImage","lantern slides, black-and-white transparencies","image/jpg","",,"http://localhost:4000/digital/iddings/items/spec_ji410.html"
"Group touring a patio","Iddings, John Edward","1927","","Group of people touring the patio of a building.","","","","","MG 76, Edward John Iddings. Scrapbooks, 1904-1954, University of Idaho Library Special Collections and Archives","MG 76, Box 3, Slide 100","Image;StillImage","lantern slides, black-and-white transparencies","image/jpg","",,"http://localhost:4000/digital/iddings/items/spec_ji411.html"
"Two men pose with two sheep","Iddings, John Edward","1927","","Two men stand showing two sheep. one man is seen leaning over to assess the sheep only partially in frame, while the other braces the sheep that is fully in frame.","Sheep; Livestock;","","","","MG 76, Edward John Iddings. Scrapbooks, 1904-1954, University of Idaho Library Special Collections and Archives","MG 76, Box 3, Slide 101","Image;StillImage","lantern slides, black-and-white transparencies","image/jpg","",,"http://localhost:4000/digital/iddings/items/spec_ji412.html"
"Three men and two goats","Iddings, John Edward","1927","","Two men hold two goats for a picture while a third man watches from behind a stone fence.","Goats;","","","","MG 76, Edward John Iddings. Scrapbooks, 1904-1954, University of Idaho Library Special Collections and Archives","MG 76, Box 3, Slide 102","Image;StillImage","lantern slides, black-and-white transparencies","image/jpg","",,"http://localhost:4000/digital/iddings/items/spec_ji413.html"
"Cabbage farm","Iddings, John Edward","1927","","Men are gathered in the fields of a cabbage farm.","Cabbage;","","","","MG 76, Edward John Iddings. Scrapbooks, 1904-1954, University of Idaho Library Special Collections and Archives","MG 76, Box 3, Slide 103","Image;StillImage","lantern slides, black-and-white transparencies","image/jpg","",,"http://localhost:4000/digital/iddings/items/spec_ji414.html"
"Wheat field","Iddings, John Edward","1927","","A field of wheat or other crop growing in an unknown location.","Grasslands;","","","","MG 76, Edward John Iddings. Scrapbooks, 1904-1954, University of Idaho Library Special Collections and Archives","MG 76, Box 3, Slide 104","Image;StillImage","lantern slides, black-and-white transparencies","image/jpg","",,"http://localhost:4000/digital/iddings/items/spec_ji415.html"
"People gathering for a formal portrait","Iddings, John Edward","1927","","Group of people posing for a portrait in front of a building observed by children and passersby.","","","","","MG 76, Edward John Iddings. Scrapbooks, 1904-1954, University of Idaho Library Special Collections and Archives","MG 76, Box 3, Slide 105","Image;StillImage","lantern slides, black-and-white transparencies","image/jpg","",,"http://localhost:4000/digital/iddings/items/spec_ji416.html"
"House in unknown location","Iddings, John Edward","1927","","The backside of a house in an unknown location with a body of water in the foreground of the photograph.","Dwellings;","","","","MG 76, Edward John Iddings. Scrapbooks, 1904-1954, University of Idaho Library Special Collections and Archives","MG 76, Box 3, Slide 106","Image;StillImage","lantern slides, black-and-white transparencies","image/jpg","",,"http://localhost:4000/digital/iddings/items/spec_ji417.html"
"Two houses in the distance","Iddings, John Edward","1927","","Two houses stand on a sand bar in the distance.","Dwellings;","","","","MG 76, Edward John Iddings. Scrapbooks, 1904-1954, University of Idaho Library Special Collections and Archives","MG 76, Box 3, Slide 107","Image;StillImage","lantern slides, black-and-white transparencies","image/jpg","",,"http://localhost:4000/digital/iddings/items/spec_ji418.html"
"Thatched roof building","Iddings, John Edward","1927","","Three men in front of a thatched-roof building.","","","","","MG 76, Edward John Iddings. Scrapbooks, 1904-1954, University of Idaho Library Special Collections and Archives","MG 76, Box 3, Slide 108","Image;StillImage","lantern slides, black-and-white transparencies","image/jpg","",,"http://localhost:4000/digital/iddings/items/spec_ji419.html"
"Carriage pulled by a horse [03]","Iddings, John Edward","1927","","A light two-wheeled carriage pulled by a horse, with driver, among cars in an open field.","Horses;","","","","MG 76, Edward John Iddings. Scrapbooks, 1904-1954, University of Idaho Library Special Collections and Archives","MG 76, Box 3, Slide 109","Image;StillImage","lantern slides, black-and-white transparencies","image/jpg","",,"http://localhost:4000/digital/iddings/items/spec_ji420.html"
"Rambouillet ewes","Iddings, John Edward","1927","","Rambouillet sheep showing.","Sheep; Livestock;","","","","MG 76, Edward John Iddings. Scrapbooks, 1904-1954, University of Idaho Library Special Collections and Archives","MG 76, Box 3, Slide 110","Image;StillImage","lantern slides, black-and-white transparencies","image/jpg","",,"http://localhost:4000/digital/iddings/items/spec_ji421.html"
"Sheep showing","Iddings, John Edward","1927","","An unidentified individual participating in a sheep showing event.","Sheep; Livestock;","","","","MG 76, Edward John Iddings. Scrapbooks, 1904-1954, University of Idaho Library Special Collections and Archives","MG 76, Box 3, Slide 111","Image;StillImage","lantern slides, black-and-white transparencies","image/jpg","",,"http://localhost:4000/digital/iddings/items/spec_ji422.html"
"Men observing a cow","Iddings, John Edward","1927","","Men observing a dairy cow, likely for purchasing consideration.","Cows; Livestock;cattle","","","","MG 76, Edward John Iddings. Scrapbooks, 1904-1954, University of Idaho Library Special Collections and Archives","MG 76, Box 3, Slide 112","Image;StillImage","lantern slides, black-and-white transparencies","image/jpg","",,"http://localhost:4000/digital/iddings/items/spec_ji423.html"
"Cattle showing [01]","Iddings, John Edward","1927","","Showing cattle at an exhibition at the University of Idaho.","Cows; Livestock;","","","","MG 76, Edward John Iddings. Scrapbooks, 1904-1954, University of Idaho Library Special Collections and Archives","MG 76, Box 3, Slide 113","Image;StillImage","lantern slides, black-and-white transparencies","image/jpg","",,"http://localhost:4000/digital/iddings/items/spec_ji424.html"
"Men judging a cow","Iddings, John Edward","1927","","Men judging a cow during an exhibition.","Cows; Livestock;cattle","","","","MG 76, Edward John Iddings. Scrapbooks, 1904-1954, University of Idaho Library Special Collections and Archives","MG 76, Box 3, Slide 114","Image;StillImage","lantern slides, black-and-white transparencies","image/jpg","",,"http://localhost:4000/digital/iddings/items/spec_ji425.html"
"Scottish Highland Cattle","Iddings, John Edward","1927","","Scottish Highland Cattle, or Kyloe, ready to be shown.","","","","","MG 76, Edward John Iddings. Scrapbooks, 1904-1954, University of Idaho Library Special Collections and Archives","MG 76, Box 3, Slide 115","Image;StillImage","lantern slides, black-and-white transparencies","image/jpg","",,"http://localhost:4000/digital/iddings/items/spec_ji426.html"
"Bull","Iddings, John Edward","1927","","A bull at the University of Idaho Agricultural Department.","Livestock;cattle","","","","MG 76, Edward John Iddings. Scrapbooks, 1904-1954, University of Idaho Library Special Collections and Archives","MG 76, Box 3, Slide 116","Image;StillImage","lantern slides, black-and-white transparencies","image/jpg","",,"http://localhost:4000/digital/iddings/items/spec_ji427.html"
"Street scene in front of a hotel","Iddings, John Edward","1927","","A street scene in front of a hotel in an unknown location.","","","","","MG 76, Edward John Iddings. Scrapbooks, 1904-1954, University of Idaho Library Special Collections and Archives","MG 76, Box 3, Slide 090","Image;StillImage","lantern slides, black-and-white transparencies","image/jpg","",,"http://localhost:4000/digital/iddings/items/spec_ji428.html"
"Man holding bridle of a horse","Iddings, John Edward","1927","","An unidentified man holding the bridle of a draft horse.","Horses;","","","","MG 76, Edward John Iddings. Scrapbooks, 1904-1954, University of Idaho Library Special Collections and Archives","MG 76, Box 3, Slide 091","Image;StillImage","lantern slides, black-and-white transparencies","image/jpg","",,"http://localhost:4000/digital/iddings/items/spec_ji429.html"
"Cattle showing [02]","Iddings, John Edward","1927","","Showing cattle at an exhibition at the University of Idaho. The breeder can be seen sitting on a stick while the judge assess the steer.","Cows; Livestock;","","","","MG 76, Edward John Iddings. Scrapbooks, 1904-1954, University of Idaho Library Special Collections and Archives","MG 76, Box 3, Slide 121","Image;StillImage","lantern slides, black-and-white transparencies","image/jpg","",,"http://localhost:4000/digital/iddings/items/spec_ji430.html"
"Thatched roof huts","Iddings, John Edward","1927","","Thatched-roof huts along the shore of a canal.","Dwellings;","","","","MG 76, Edward John Iddings. Scrapbooks, 1904-1954, University of Idaho Library Special Collections and Archives","MG 76, Box 3, Slide 122","Image;StillImage","lantern slides, black-and-white transparencies","image/jpg","",,"http://localhost:4000/digital/iddings/items/spec_ji431.html"
"Water storage","Iddings, John Edward","1927","","Building probably related to the provision of water.","","","","","MG 76, Edward John Iddings. Scrapbooks, 1904-1954, University of Idaho Library Special Collections and Archives","MG 76, Box 3, Slide 123","Image;StillImage","lantern slides, black-and-white transparencies","image/jpg","",,"http://localhost:4000/digital/iddings/items/spec_ji432.html"
"Plants in numbered containers","Iddings, John Edward","1927","","Plants in numbered containers to be transplanted","","","","","MG 76, Edward John Iddings. Scrapbooks, 1904-1954, University of Idaho Library Special Collections and Archives","MG 76, Box 3, Slide 124","Image;StillImage","lantern slides, black-and-white transparencies","image/jpg","",,"http://localhost:4000/digital/iddings/items/spec_ji433.html"
"Two wheeled cart","Iddings, John Edward","1927","","A heavily loaded two-wheeled carriage pulled by an in-line team of four horses.","Horses;","","","","MG 76, Edward John Iddings. Scrapbooks, 1904-1954, University of Idaho Library Special Collections and Archives","MG 76, Box 3, Slide 117","Image;StillImage","lantern slides, black-and-white transparencies","image/jpg","",,"http://localhost:4000/digital/iddings/items/spec_ji434.html"
"Man and a cow outside a barn","Iddings, John Edward","1927","","A man and a young cow outside a barn in an unknown location.","Cows; Livestock;cattle","","","","MG 76, Edward John Iddings. Scrapbooks, 1904-1954, University of Idaho Library Special Collections and Archives","MG 76, Box 3, Slide 125","Image;StillImage","lantern slides, black-and-white transparencies","image/jpg","",,"http://localhost:4000/digital/iddings/items/spec_ji435.html"
"Gathering for a group portrait","Iddings, John Edward","1927","","A group of people gather for a portrait in front of a building in an unknown location.","","","","","MG 76, Edward John Iddings. Scrapbooks, 1904-1954, University of Idaho Library Special Collections and Archives","MG 76, Box 3, Slide 126","Image;StillImage","lantern slides, black-and-white transparencies","image/jpg","",,"http://localhost:4000/digital/iddings/items/spec_ji436.html"
"Train coming out of a tunnel","Iddings, John Edward","1927","","A train coming out of a tunnel with an open carriage pulled by horse in the foreground.","passenger trains; Horses;transport; transportation","","","","MG 76, Edward John Iddings. Scrapbooks, 1904-1954, University of Idaho Library Special Collections and Archives","MG 76, Box 3, Slide 127","Image;StillImage","lantern slides, black-and-white transparencies","image/jpg","",,"http://localhost:4000/digital/iddings/items/spec_ji437.html"
"Four wheeled carts","Iddings, John Edward","1927","","Four-wheeled carts and two men wait in front of a building.",";transport; transportation","","","","MG 76, Edward John Iddings. Scrapbooks, 1904-1954, University of Idaho Library Special Collections and Archives","MG 76, Box 3, Slide 128","Image;StillImage","lantern slides, black-and-white transparencies","image/jpg","",,"http://localhost:4000/digital/iddings/items/spec_ji438.html"
"Men loading a boat","Iddings, John Edward","1927","","Men [in Dutch costume?] loading a boat in a canal with houses and clothing hanging on line drying.","Dwellings;","","","","MG 76, Edward John Iddings. Scrapbooks, 1904-1954, University of Idaho Library Special Collections and Archives","MG 76, Box 3, Slide 129","Image;StillImage","lantern slides, black-and-white transparencies","image/jpg","",,"http://localhost:4000/digital/iddings/items/spec_ji439.html"
"Sheep in a corral [03]","Iddings, John Edward","1927","","Men examining sheep in corral","Sheep; Livestock;","","","","MG 76, Edward John Iddings. Scrapbooks, 1904-1954, University of Idaho Library Special Collections and Archives","MG 76, Box 3, Slide 130","Image;StillImage","lantern slides, black-and-white transparencies","image/jpg","",,"http://localhost:4000/digital/iddings/items/spec_ji440.html"
"Windmill","Iddings, John Edward","1927","","A wooden windmill in an unknown location.","Windmills;","","","","MG 76, Edward John Iddings. Scrapbooks, 1904-1954, University of Idaho Library Special Collections and Archives","MG 76, Box 3, Slide 131","Image;StillImage","lantern slides, black-and-white transparencies","image/jpg","",,"http://localhost:4000/digital/iddings/items/spec_ji441.html"
"Crop field beds","Iddings, John Edward","1927","","Agriculture test crops beds in an unidentified location.",";irrigation","","","","MG 76, Edward John Iddings. Scrapbooks, 1904-1954, University of Idaho Library Special Collections and Archives","MG 76, Box 3, Slide 132","Image;StillImage","lantern slides, black-and-white transparencies","image/jpg","",,"http://localhost:4000/digital/iddings/items/spec_ji442.html"
"Men judging a grey horse","Iddings, John Edward","1927","","Men judging a grey horse, likely for breeding purposes.","Horses;horse show","","","","MG 76, Edward John Iddings. Scrapbooks, 1904-1954, University of Idaho Library Special Collections and Archives","MG 76, Box 3, Slide 133","Image;StillImage","lantern slides, black-and-white transparencies","image/jpg","",,"http://localhost:4000/digital/iddings/items/spec_ji443.html"
"Cattle outside a barn","Iddings, John Edward","1927","","Cattle graze outside of a barn on an unidentified property.","Cows; Livestock;","","","","MG 76, Edward John Iddings. Scrapbooks, 1904-1954, University of Idaho Library Special Collections and Archives","MG 76, Box 3, Slide 118","Image;StillImage","lantern slides, black-and-white transparencies","image/jpg","",,"http://localhost:4000/digital/iddings/items/spec_ji444.html"
"Cattle and people","Iddings, John Edward","1927","","Men stand and observe dairy cows in a field.","Cows; Livestock;","","","","MG 76, Edward John Iddings. Scrapbooks, 1904-1954, University of Idaho Library Special Collections and Archives","MG 76, Box 3, Slide 134","Image;StillImage","lantern slides, black-and-white transparencies","image/jpg","",,"http://localhost:4000/digital/iddings/items/spec_ji445.html"
"Cow in a pasture","Iddings, John Edward","1927","","A young cow grazes in a pasture in an unknown location.","Cows; Livestock;cattle","","","","MG 76, Edward John Iddings. Scrapbooks, 1904-1954, University of Idaho Library Special Collections and Archives","MG 76, Box 3, Slide 135","Image;StillImage","lantern slides, black-and-white transparencies","image/jpg","",,"http://localhost:4000/digital/iddings/items/spec_ji446.html"
"Cattle showing [04]","Iddings, John Edward","1927","","Participants walking beasts to showing grounds at an exhibition at the University of Idaho.","","","","","MG 76, Edward John Iddings. Scrapbooks, 1904-1954, University of Idaho Library Special Collections and Archives","MG 76, Box 3, Slide 136","Image;StillImage","lantern slides, black-and-white transparencies","image/jpg","",,"http://localhost:4000/digital/iddings/items/spec_ji447.html"
"Street scene in unknown location","Iddings, John Edward","1927","","Street scene in an unknown location. rail tracks can be seen in the street with people walking away from the photographer.",";children","","","","MG 76, Edward John Iddings. Scrapbooks, 1904-1954, University of Idaho Library Special Collections and Archives","MG 76, Box 3, Slide 137","Image;StillImage","lantern slides, black-and-white transparencies","image/jpg","",,"http://localhost:4000/digital/iddings/items/spec_ji448.html"
"Two men show a bull","Iddings, John Edward","1927","","Two men stand showing a bull.","Livestock;cattle","","","","MG 76, Edward John Iddings. Scrapbooks, 1904-1954, University of Idaho Library Special Collections and Archives","MG 76, Box 3, Slide 138","Image;StillImage","lantern slides, black-and-white transparencies","image/jpg","",,"http://localhost:4000/digital/iddings/items/spec_ji449.html"
"Cattle showing [05]","Iddings, John Edward","1927","","Participants are lined up and ready for a cattle showing at the University of Idaho.","Cows; Livestock;","","","","MG 76, Edward John Iddings. Scrapbooks, 1904-1954, University of Idaho Library Special Collections and Archives","MG 76, Box 3, Slide 139","Image;StillImage","lantern slides, black-and-white transparencies","image/jpg","",,"http://localhost:4000/digital/iddings/items/spec_ji450.html"
"People looking at sheep","Iddings, John Edward","1927","","People looking at a flock of sheep outside a building in an unknown location.","Sheep; Livestock;","","","","MG 76, Edward John Iddings. Scrapbooks, 1904-1954, University of Idaho Library Special Collections and Archives","MG 76, Box 3, Slide 140","Image;StillImage","lantern slides, black-and-white transparencies","image/jpg","",,"http://localhost:4000/digital/iddings/items/spec_ji451.html"
"Ship at sea","Iddings, John Edward","1927","","A large ocean liner at sea.","Cruise ships;","","","","MG 76, Edward John Iddings. Scrapbooks, 1904-1954, University of Idaho Library Special Collections and Archives","MG 76, Box 3, Slide 141","Image;StillImage","lantern slides, black-and-white transparencies","image/jpg","",,"http://localhost:4000/digital/iddings/items/spec_ji452.html"
"Four wheeled carriages","Iddings, John Edward","1927","","Four-wheeled carriages pulled by teams of horses with drivers and passengers.","Horses;","","","","MG 76, Edward John Iddings. Scrapbooks, 1904-1954, University of Idaho Library Special Collections and Archives","MG 76, Box 3, Slide 142","Image;StillImage","lantern slides, black-and-white transparencies","image/jpg","",,"http://localhost:4000/digital/iddings/items/spec_ji453.html"
"Facade of a building [04]","Iddings, John Edward","1927","","Facade of a building in an unknown location.","","","","","MG 76, Edward John Iddings. Scrapbooks, 1904-1954, University of Idaho Library Special Collections and Archives","MG 76, Box 3, Slide 143","Image;StillImage","lantern slides, black-and-white transparencies","image/jpg","",,"http://localhost:4000/digital/iddings/items/spec_ji454.html"
"Harvesting a crop","Iddings, John Edward","1927","","Harvesting a crop using gas-powered machines.",";machines; chimney","","","","MG 76, Edward John Iddings. Scrapbooks, 1904-1954, University of Idaho Library Special Collections and Archives","MG 76, Box 3, Slide 144","Image;StillImage","lantern slides, black-and-white transparencies","image/jpg","",,"http://localhost:4000/digital/iddings/items/spec_ji455.html"
"Low wheeled chair with dog","Iddings, John Edward","1927","","A low wheeled chair with driver and a harnessed dog on the side.",";transport; transportation","","","","MG 76, Edward John Iddings. Scrapbooks, 1904-1954, University of Idaho Library Special Collections and Archives","MG 76, Box 3, Slide 119","Image;StillImage","lantern slides, black-and-white transparencies","image/jpg","",,"http://localhost:4000/digital/iddings/items/spec_ji456.html"
"Long building with garden","Iddings, John Edward","1927","","A long building at left and a man standing in a garden, at right.","","","","","MG 76, Edward John Iddings. Scrapbooks, 1904-1954, University of Idaho Library Special Collections and Archives","MG 76, Box 3, Slide 120","Image;StillImage","lantern slides, black-and-white transparencies","image/jpg","",,"http://localhost:4000/digital/iddings/items/spec_ji457.html"
"Crop field near channel","Iddings, John Edward","1927","","Crop field with windmill and irrigation canal.","Windmills;","","","","MG 76, Edward John Iddings. Scrapbooks, 1904-1954, University of Idaho Library Special Collections and Archives","MG 76, Box 3, Slide 150","Image;StillImage","lantern slides, black-and-white transparencies","image/jpg","",,"http://localhost:4000/digital/iddings/items/spec_ji458.html"
"Costume parade [01]","Iddings, John Edward","1927","","People in a costume parade on an unidentified street.",";wooden shoes","","","","MG 76, Edward John Iddings. Scrapbooks, 1904-1954, University of Idaho Library Special Collections and Archives","MG 76, Box 3, Slide 151","Image;StillImage","lantern slides, black-and-white transparencies","image/jpg","",,"http://localhost:4000/digital/iddings/items/spec_ji459.html"
"Tending a crop","Iddings, John Edward","1927","","Men tend a crop in beds; one man is watering plants in the background (right side of image) while another kneels to look at undergrowth.",";irrigation","","","","MG 76, Edward John Iddings. Scrapbooks, 1904-1954, University of Idaho Library Special Collections and Archives","MG 76, Box 3, Slide 145","Image;StillImage","lantern slides, black-and-white transparencies","image/jpg","",,"http://localhost:4000/digital/iddings/items/spec_ji460.html"
"Costume parade [02]","Iddings, John Edward","1927","","Men in tophats dance with women in bonnets and flowered dresses during a parade.","","","","","MG 76, Edward John Iddings. Scrapbooks, 1904-1954, University of Idaho Library Special Collections and Archives","MG 76, Box 3, Slide 152","Image;StillImage","lantern slides, black-and-white transparencies","image/jpg","",,"http://localhost:4000/digital/iddings/items/spec_ji461.html"
"Cavalry parade [01]","Iddings, John Edward","1927","","Cavalry parade in an open field near the University of Idaho.","Horses;","","","","MG 76, Edward John Iddings. Scrapbooks, 1904-1954, University of Idaho Library Special Collections and Archives","MG 76, Box 3, Slide 153","Image;StillImage","lantern slides, black-and-white transparencies","image/jpg","",,"http://localhost:4000/digital/iddings/items/spec_ji462.html"
"Cavalry parade [02]","Iddings, John Edward","1927","","Cavalry on parade in an open field near the University of Idaho.","Horses;","","","","MG 76, Edward John Iddings. Scrapbooks, 1904-1954, University of Idaho Library Special Collections and Archives","MG 76, Box 3, Slide 154","Image;StillImage","lantern slides, black-and-white transparencies","image/jpg","",,"http://localhost:4000/digital/iddings/items/spec_ji463.html"
"Men on parade","Iddings, John Edward","1927","","Men on parade in an open field.","","","","","MG 76, Edward John Iddings. Scrapbooks, 1904-1954, University of Idaho Library Special Collections and Archives","MG 76, Box 3, Slide 155","Image;StillImage","lantern slides, black-and-white transparencies","image/jpg","",,"http://localhost:4000/digital/iddings/items/spec_ji464.html"
"Cavalry parade [03]","Iddings, John Edward","1927","","Cavalry parade in an open field near the University of Idaho.","Horses;","","","","MG 76, Edward John Iddings. Scrapbooks, 1904-1954, University of Idaho Library Special Collections and Archives","MG 76, Box 3, Slide 156","Image;StillImage","lantern slides, black-and-white transparencies","image/jpg","",,"http://localhost:4000/digital/iddings/items/spec_ji465.html"
"Military parade","Iddings, John Edward","1927","","A military parade in an open field, with infantry and gunmen in foreground.","","","","","MG 76, Edward John Iddings. Scrapbooks, 1904-1954, University of Idaho Library Special Collections and Archives","MG 76, Box 3, Slide 157","Image;StillImage","lantern slides, black-and-white transparencies","image/jpg","",,"http://localhost:4000/digital/iddings/items/spec_ji466.html"
"Men and cars beside a building","Iddings, John Edward","1927","","Two cars and three men in front of a building. [Vejen?]","","","","","MG 76, Edward John Iddings. Scrapbooks, 1904-1954, University of Idaho Library Special Collections and Archives","MG 76, Box 3, Slide 146","Image;StillImage","lantern slides, black-and-white transparencies","image/jpg","",,"http://localhost:4000/digital/iddings/items/spec_ji467.html"
"Man with two bulls pulling a mill","Iddings, John Edward","1927","","A man with two bulls pulling a mill stone.","Livestock;animal traction; machines","","","","MG 76, Edward John Iddings. Scrapbooks, 1904-1954, University of Idaho Library Special Collections and Archives","MG 76, Box 3, Slide 147","Image;StillImage","lantern slides, black-and-white transparencies","image/jpg","",,"http://localhost:4000/digital/iddings/items/spec_ji468.html"
"Man in traditional desert dress","Iddings, John Edward","1927","","A man in traditional costume with a horse in front of a building in an unknown location.","Horses;","","","","MG 76, Edward John Iddings. Scrapbooks, 1904-1954, University of Idaho Library Special Collections and Archives","MG 76, Box 3, Slide 148","Image;StillImage","lantern slides, black-and-white transparencies","image/jpg","",,"http://localhost:4000/digital/iddings/items/spec_ji469.html"
"Cattle in a corral","Iddings, John Edward","1927","","Dairy heifers, likely pregnant, standing in a corrall.","Cows; Livestock;","","","","MG 76, Edward John Iddings. Scrapbooks, 1904-1954, University of Idaho Library Special Collections and Archives","MG 76, Box 3, Slide 149","Image;StillImage","lantern slides, black-and-white transparencies","image/jpg","",,"http://localhost:4000/digital/iddings/items/spec_ji470.html"

